from,to
"_root_.org.ensime.sexp.ArbitrarySexp#arbSexp()Lorg/scalacheck/Arbitrary;.","s-express/src/test/scala/org/ensime/sexp/SexpParserCheck.scala:24:5"
"_root_.scala.Predef.$conforms()Lscala/Predef/$less$colon$less;.","s-express/src/test/scala/org/ensime/sexp/SexpParserCheck.scala:22:55"
"_root_.scala.Predef.$conforms()Lscala/Predef/$less$colon$less;.","s-express/src/test/scala/org/ensime/sexp/SexpParserCheck.scala:23:53"
"_root_.scala.Predef.$conforms()Lscala/Predef/$less$colon$less;.","s-express/src/main/scala/org/ensime/sexp/SexpParser.scala:63:77"
"_root_.scala.Predef.$conforms()Lscala/Predef/$less$colon$less;.","s-express/src/main/scala/org/ensime/sexp/SexpParser.scala:67:64"
"_root_.scala.Predef.$conforms()Lscala/Predef/$less$colon$less;.","s-express/src/main/scala/org/ensime/sexp/SexpParser.scala:75:23"
"_root_.scala.Predef.$conforms()Lscala/Predef/$less$colon$less;.","s-express/src/main/scala/org/ensime/sexp/SexpParser.scala:78:31"
"_root_.scala.Predef.$conforms()Lscala/Predef/$less$colon$less;.","s-express/src/main/scala/org/ensime/sexp/SexpParser.scala:102:42"
"_root_.scala.Predef.$conforms()Lscala/Predef/$less$colon$less;.","s-express/src/main/scala/org/ensime/sexp/SexpParser.scala:103:23"
"_root_.scala.Predef.$conforms()Lscala/Predef/$less$colon$less;.","s-express/src/main/scala/org/ensime/sexp/SexpParser.scala:106:51"
"_root_.scala.Predef.$conforms()Lscala/Predef/$less$colon$less;.","s-express/src/main/scala/org/ensime/sexp/SexpParser.scala:111:35"
"_root_.scala.Predef.$conforms()Lscala/Predef/$less$colon$less;.","s-express/src/main/scala/org/ensime/sexp/SexpParser.scala:120:49"
"_root_.scala.Predef.$conforms()Lscala/Predef/$less$colon$less;.","s-express/src/main/scala/org/ensime/sexp/SexpParser.scala:125:19"
"_root_.scala.Predef.$conforms()Lscala/Predef/$less$colon$less;.","s-express/src/main/scala/org/ensime/sexp/SexpParser.scala:129:80"
"_root_.scala.Predef.$conforms()Lscala/Predef/$less$colon$less;.","s-express/src/main/scala/org/ensime/sexp/SexpParser.scala:135:29"
"_root_.scala.Predef.$conforms()Lscala/Predef/$less$colon$less;.","s-express/src/main/scala/org/ensime/sexp/SexpParser.scala:139:28"
"_root_.org.ensime.sexp.formats.LowPriorityFamilyFormats#familyFormat(Lshapeless/LabelledGeneric;Lshapeless/Strict;Lshapeless/Typeable;)Lorg/ensime/sexp/SexpFormat;.","s-express/src/test/scala/org/ensime/sexp/formats/FamilyFormatsSpec.scala:126:26"
"_root_.scala.Predef.$conforms()Lscala/Predef/$less$colon$less;.","s-express/src/test/scala/org/ensime/sexp/formats/FamilyFormatsSpec.scala:126:26"
"_root_.org.ensime.sexp.formats.SymbolAltFormat#SymbolFormat.","s-express/src/test/scala/org/ensime/sexp/formats/FamilyFormatsSpec.scala:130:32"
"_root_.org.ensime.sexp.formats.LowPriorityFamilyFormats#familyFormat(Lshapeless/LabelledGeneric;Lshapeless/Strict;Lshapeless/Typeable;)Lorg/ensime/sexp/SexpFormat;.","s-express/src/test/scala/org/ensime/sexp/formats/FamilyFormatsSpec.scala:134:45"
"_root_.scala.Predef.$conforms()Lscala/Predef/$less$colon$less;.","s-express/src/test/scala/org/ensime/sexp/formats/FamilyFormatsSpec.scala:134:45"
"_root_.org.ensime.sexp.formats.LowPriorityFamilyFormats#familyFormat(Lshapeless/LabelledGeneric;Lshapeless/Strict;Lshapeless/Typeable;)Lorg/ensime/sexp/SexpFormat;.","s-express/src/test/scala/org/ensime/sexp/formats/FamilyFormatsSpec.scala:135:28"
"_root_.scala.Predef.$conforms()Lscala/Predef/$less$colon$less;.","s-express/src/test/scala/org/ensime/sexp/formats/FamilyFormatsSpec.scala:135:28"
"_root_.org.ensime.sexp.formats.LowPriorityFamilyFormats#familyFormat(Lshapeless/LabelledGeneric;Lshapeless/Strict;Lshapeless/Typeable;)Lorg/ensime/sexp/SexpFormat;.","s-express/src/test/scala/org/ensime/sexp/formats/FamilyFormatsSpec.scala:150:7"
"_root_.scala.Predef.$conforms()Lscala/Predef/$less$colon$less;.","s-express/src/test/scala/org/ensime/sexp/formats/FamilyFormatsSpec.scala:150:7"
"_root_.org.ensime.sexp.formats.LowPriorityFamilyFormats#familyFormat(Lshapeless/LabelledGeneric;Lshapeless/Strict;Lshapeless/Typeable;)Lorg/ensime/sexp/SexpFormat;.","s-express/src/test/scala/org/ensime/sexp/formats/FamilyFormatsSpec.scala:154:51"
"_root_.scala.Predef.$conforms()Lscala/Predef/$less$colon$less;.","s-express/src/test/scala/org/ensime/sexp/formats/FamilyFormatsSpec.scala:154:51"
"_root_.org.ensime.sexp.formats.LowPriorityFamilyFormats#familyFormat(Lshapeless/LabelledGeneric;Lshapeless/Strict;Lshapeless/Typeable;)Lorg/ensime/sexp/SexpFormat;.","s-express/src/test/scala/org/ensime/sexp/formats/FamilyFormatsSpec.scala:155:32"
"_root_.scala.Predef.$conforms()Lscala/Predef/$less$colon$less;.","s-express/src/test/scala/org/ensime/sexp/formats/FamilyFormatsSpec.scala:155:32"
"_root_.org.ensime.sexp.formats.formats.ExamplesFormats.SimpleTraitFormat.","s-express/src/test/scala/org/ensime/sexp/formats/FamilyFormatsSpec.scala:165:65"
"_root_.org.ensime.sexp.formats.formats.ExamplesFormats.SimpleTraitFormat.","s-express/src/test/scala/org/ensime/sexp/formats/FamilyFormatsSpec.scala:166:47"
"_root_.org.ensime.sexp.formats.formats.ExamplesFormats.SimpleTraitFormat.","s-express/src/test/scala/org/ensime/sexp/formats/FamilyFormatsSpec.scala:167:45"
"_root_.org.ensime.sexp.formats.formats.ExamplesFormats.SimpleTraitFormat.","s-express/src/test/scala/org/ensime/sexp/formats/FamilyFormatsSpec.scala:168:47"
"_root_.scala.Predef.$conforms()Lscala/Predef/$less$colon$less;.","s-express/src/test/scala/org/ensime/sexp/formats/FamilyFormatsSpec.scala:178:51"
"_root_.org.ensime.sexp.formats.LowPriorityFamilyFormats#familyFormat(Lshapeless/LabelledGeneric;Lshapeless/Strict;Lshapeless/Typeable;)Lorg/ensime/sexp/SexpFormat;.","s-express/src/test/scala/org/ensime/sexp/formats/FamilyFormatsSpec.scala:178:51"
"_root_.org.ensime.sexp.formats.LowPriorityFamilyFormats#familyFormat(Lshapeless/LabelledGeneric;Lshapeless/Strict;Lshapeless/Typeable;)Lorg/ensime/sexp/SexpFormat;.","s-express/src/test/scala/org/ensime/sexp/formats/FamilyFormatsSpec.scala:179:48"
"_root_.scala.Predef.$conforms()Lscala/Predef/$less$colon$less;.","s-express/src/test/scala/org/ensime/sexp/formats/FamilyFormatsSpec.scala:179:48"
"_root_.org.ensime.sexp.formats.LowPriorityFamilyFormats#familyFormat(Lshapeless/LabelledGeneric;Lshapeless/Strict;Lshapeless/Typeable;)Lorg/ensime/sexp/SexpFormat;.","s-express/src/test/scala/org/ensime/sexp/formats/FamilyFormatsSpec.scala:183:72"
"_root_.scala.Predef.$conforms()Lscala/Predef/$less$colon$less;.","s-express/src/test/scala/org/ensime/sexp/formats/FamilyFormatsSpec.scala:183:72"
"_root_.org.ensime.sexp.formats.LowPriorityFamilyFormats#familyFormat(Lshapeless/LabelledGeneric;Lshapeless/Strict;Lshapeless/Typeable;)Lorg/ensime/sexp/SexpFormat;.","s-express/src/test/scala/org/ensime/sexp/formats/FamilyFormatsSpec.scala:187:52"
"_root_.scala.Predef.$conforms()Lscala/Predef/$less$colon$less;.","s-express/src/test/scala/org/ensime/sexp/formats/FamilyFormatsSpec.scala:187:52"
"_root_.org.ensime.sexp.formats.LowPriorityFamilyFormats#familyFormat(Lshapeless/LabelledGeneric;Lshapeless/Strict;Lshapeless/Typeable;)Lorg/ensime/sexp/SexpFormat;.","s-express/src/test/scala/org/ensime/sexp/formats/FamilyFormatsSpec.scala:191:45"
"_root_.scala.Predef.$conforms()Lscala/Predef/$less$colon$less;.","s-express/src/test/scala/org/ensime/sexp/formats/FamilyFormatsSpec.scala:191:45"
"_root_.org.ensime.sexp.formats.LowPriorityFamilyFormats#familyFormat(Lshapeless/LabelledGeneric;Lshapeless/Strict;Lshapeless/Typeable;)Lorg/ensime/sexp/SexpFormat;.","s-express/src/test/scala/org/ensime/sexp/formats/FamilyFormatsSpec.scala:192:65"
"_root_.scala.Predef.$conforms()Lscala/Predef/$less$colon$less;.","s-express/src/test/scala/org/ensime/sexp/formats/FamilyFormatsSpec.scala:192:65"
"_root_.org.ensime.sexp.formats.LowPriorityFamilyFormats#familyFormat(Lshapeless/LabelledGeneric;Lshapeless/Strict;Lshapeless/Typeable;)Lorg/ensime/sexp/SexpFormat;.","s-express/src/test/scala/org/ensime/sexp/formats/FamilyFormatsSpec.scala:250:61"
"_root_.scala.Predef.$conforms()Lscala/Predef/$less$colon$less;.","s-express/src/test/scala/org/ensime/sexp/formats/FamilyFormatsSpec.scala:250:61"
"_root_.org.ensime.sexp.formats.LowPriorityFamilyFormats#familyFormat(Lshapeless/LabelledGeneric;Lshapeless/Strict;Lshapeless/Typeable;)Lorg/ensime/sexp/SexpFormat;.","s-express/src/test/scala/org/ensime/sexp/formats/FamilyFormatsSpec.scala:256:7"
"_root_.scala.Predef.$conforms()Lscala/Predef/$less$colon$less;.","s-express/src/test/scala/org/ensime/sexp/formats/FamilyFormatsSpec.scala:256:7"
"_root_.org.ensime.sexp.formats.LowPriorityFamilyFormats#familyFormat(Lshapeless/LabelledGeneric;Lshapeless/Strict;Lshapeless/Typeable;)Lorg/ensime/sexp/SexpFormat;.","s-express/src/test/scala/org/ensime/sexp/formats/FamilyFormatsSpec.scala:262:7"
"_root_.scala.Predef.$conforms()Lscala/Predef/$less$colon$less;.","s-express/src/test/scala/org/ensime/sexp/formats/FamilyFormatsSpec.scala:262:7"
"_root_.org.ensime.sexp.formats.CollectionFormats#genTraversableFormat(Lscala/Predef/$less$colon$less;Lscala/collection/generic/CanBuildFrom;Lorg/ensime/sexp/SexpFormat;)Lorg/ensime/sexp/SexpFormat;.","s-express/src/test/scala/org/ensime/sexp/formats/DefaultSexpProtocolSpec.scala:22:31"
"_root_.scala.Predef.$conforms()Lscala/Predef/$less$colon$less;.","s-express/src/test/scala/org/ensime/sexp/formats/DefaultSexpProtocolSpec.scala:22:31"
"_root_.org.ensime.sexp.formats.StandardFormats#optionFormat(Lorg/ensime/sexp/SexpFormat;)Lorg/ensime/sexp/SexpFormat;.","s-express/src/test/scala/org/ensime/sexp/formats/DefaultSexpProtocolSpec.scala:22:31"
"_root_.org.ensime.sexp.formats.CollectionFormats#genTraversableFormat(Lscala/Predef/$less$colon$less;Lscala/collection/generic/CanBuildFrom;Lorg/ensime/sexp/SexpFormat;)Lorg/ensime/sexp/SexpFormat;.","s-express/src/test/scala/org/ensime/sexp/formats/DefaultSexpProtocolSpec.scala:23:42"
"_root_.scala.Predef.$conforms()Lscala/Predef/$less$colon$less;.","s-express/src/test/scala/org/ensime/sexp/formats/DefaultSexpProtocolSpec.scala:23:42"
"_root_.org.ensime.sexp.formats.StandardFormats#optionFormat(Lorg/ensime/sexp/SexpFormat;)Lorg/ensime/sexp/SexpFormat;.","s-express/src/test/scala/org/ensime/sexp/formats/DefaultSexpProtocolSpec.scala:23:42"
"_root_.org.ensime.sexp.formats.CollectionFormats#genTraversableFormat(Lscala/Predef/$less$colon$less;Lscala/collection/generic/CanBuildFrom;Lorg/ensime/sexp/SexpFormat;)Lorg/ensime/sexp/SexpFormat;.","s-express/src/test/scala/org/ensime/sexp/formats/DefaultSexpProtocolSpec.scala:24:61"
"_root_.scala.Predef.$conforms()Lscala/Predef/$less$colon$less;.","s-express/src/test/scala/org/ensime/sexp/formats/DefaultSexpProtocolSpec.scala:24:61"
"_root_.org.ensime.sexp.formats.StandardFormats#optionFormat(Lorg/ensime/sexp/SexpFormat;)Lorg/ensime/sexp/SexpFormat;.","s-express/src/test/scala/org/ensime/sexp/formats/DefaultSexpProtocolSpec.scala:24:61"
"_root_.scala.Predef.$conforms()Lscala/Predef/$less$colon$less;.","s-express/src/test/scala/org/ensime/sexp/formats/DefaultSexpProtocolSpec.scala:25:60"
"_root_.scala.Predef.$conforms()Lscala/Predef/$less$colon$less;.","s-express/src/test/scala/org/ensime/sexp/formats/DefaultSexpProtocolSpec.scala:26:59"
"_root_.scala.Predef.$conforms()Lscala/Predef/$less$colon$less;.","s-express/src/test/scala/org/ensime/sexp/formats/DefaultSexpProtocolSpec.scala:38:35"
"_root_.scala.Predef.$conforms()Lscala/Predef/$less$colon$less;.","s-express/src/test/scala/org/ensime/sexp/formats/DefaultSexpProtocolSpec.scala:39:36"
"_root_.scala.Predef.$conforms()Lscala/Predef/$less$colon$less;.","s-express/src/test/scala/org/ensime/sexp/formats/DefaultSexpProtocolSpec.scala:40:55"
"_root_.scala.Predef.$conforms()Lscala/Predef/$less$colon$less;.","s-express/src/test/scala/org/ensime/sexp/formats/DefaultSexpProtocolSpec.scala:42:60"
"_root_.scala.Predef.$conforms()Lscala/Predef/$less$colon$less;.","s-express/src/test/scala/org/ensime/sexp/formats/DefaultSexpProtocolSpec.scala:45:59"
"_root_.scala.Predef.$conforms()Lscala/Predef/$less$colon$less;.","s-express/src/test/scala/org/ensime/sexp/SexpPrettyPrinterSpec.scala:12:64"
"_root_.org.ensime.sexp.formats.BasicFormats#IntFormat.","s-express/src/test/scala/org/ensime/sexp/formats/BasicFormatsSpec.scala:9:36"
"_root_.org.ensime.sexp.formats.BasicFormats#IntFormat.","s-express/src/test/scala/org/ensime/sexp/formats/BasicFormatsSpec.scala:10:36"
"_root_.org.ensime.sexp.formats.BasicFormats#IntFormat.","s-express/src/test/scala/org/ensime/sexp/formats/BasicFormatsSpec.scala:11:34"
"_root_.org.ensime.sexp.formats.BasicFormats#IntFormat.","s-express/src/test/scala/org/ensime/sexp/formats/BasicFormatsSpec.scala:12:56"
"_root_.org.ensime.sexp.formats.BasicFormats#IntFormat.","s-express/src/test/scala/org/ensime/sexp/formats/BasicFormatsSpec.scala:13:56"
"_root_.org.ensime.sexp.formats.BasicFormats#LongFormat.","s-express/src/test/scala/org/ensime/sexp/formats/BasicFormatsSpec.scala:17:37"
"_root_.org.ensime.sexp.formats.BasicFormats#LongFormat.","s-express/src/test/scala/org/ensime/sexp/formats/BasicFormatsSpec.scala:18:37"
"_root_.org.ensime.sexp.formats.BasicFormats#LongFormat.","s-express/src/test/scala/org/ensime/sexp/formats/BasicFormatsSpec.scala:19:35"
"_root_.org.ensime.sexp.formats.BasicFormats#LongFormat.","s-express/src/test/scala/org/ensime/sexp/formats/BasicFormatsSpec.scala:20:58"
"_root_.org.ensime.sexp.formats.BasicFormats#LongFormat.","s-express/src/test/scala/org/ensime/sexp/formats/BasicFormatsSpec.scala:21:58"
"_root_.org.ensime.sexp.formats.BasicFormats#FloatFormat.","s-express/src/test/scala/org/ensime/sexp/formats/BasicFormatsSpec.scala:25:42"
"_root_.org.ensime.sexp.formats.BasicFormats#FloatFormat.","s-express/src/test/scala/org/ensime/sexp/formats/BasicFormatsSpec.scala:26:42"
"_root_.org.ensime.sexp.formats.BasicFormats#FloatFormat.","s-express/src/test/scala/org/ensime/sexp/formats/BasicFormatsSpec.scala:27:40"
"_root_.org.ensime.sexp.formats.BasicFormats#FloatFormat.","s-express/src/test/scala/org/ensime/sexp/formats/BasicFormatsSpec.scala:28:60"
"_root_.org.ensime.sexp.formats.BasicFormats#FloatFormat.","s-express/src/test/scala/org/ensime/sexp/formats/BasicFormatsSpec.scala:30:52"
"_root_.org.ensime.sexp.formats.BasicFormats#FloatFormat.","s-express/src/test/scala/org/ensime/sexp/formats/BasicFormatsSpec.scala:31:52"
"_root_.scala.Predef.$conforms()Lscala/Predef/$less$colon$less;.","s-express/src/test/scala/org/ensime/sexp/formats/BasicFormatsSpec.scala:34:40"
"_root_.org.ensime.sexp.formats.BasicFormats#DoubleFormat.","s-express/src/test/scala/org/ensime/sexp/formats/BasicFormatsSpec.scala:39:42"
"_root_.org.ensime.sexp.formats.BasicFormats#DoubleFormat.","s-express/src/test/scala/org/ensime/sexp/formats/BasicFormatsSpec.scala:40:42"
"_root_.org.ensime.sexp.formats.BasicFormats#DoubleFormat.","s-express/src/test/scala/org/ensime/sexp/formats/BasicFormatsSpec.scala:41:40"
"_root_.org.ensime.sexp.formats.BasicFormats#DoubleFormat.","s-express/src/test/scala/org/ensime/sexp/formats/BasicFormatsSpec.scala:42:62"
"_root_.org.ensime.sexp.formats.BasicFormats#DoubleFormat.","s-express/src/test/scala/org/ensime/sexp/formats/BasicFormatsSpec.scala:43:62"
"_root_.org.ensime.sexp.formats.BasicFormats#DoubleFormat.","s-express/src/test/scala/org/ensime/sexp/formats/BasicFormatsSpec.scala:44:53"
"_root_.org.ensime.sexp.formats.BasicFormats#DoubleFormat.","s-express/src/test/scala/org/ensime/sexp/formats/BasicFormatsSpec.scala:45:53"
"_root_.scala.Predef.$conforms()Lscala/Predef/$less$colon$less;.","s-express/src/test/scala/org/ensime/sexp/formats/BasicFormatsSpec.scala:48:41"
"_root_.org.ensime.sexp.formats.BasicFormats#SymbolFormat.","s-express/src/test/scala/org/ensime/sexp/formats/BasicFormatsSpec.scala:66:43"
"_root_.scala.Predef.$conforms()Lscala/Predef/$less$colon$less;.","s-express/src/test/scala/org/ensime/sexp/SexpPackageSpec.scala:14:71"
"_root_.scala.Predef.$conforms()Lscala/Predef/$less$colon$less;.","s-express/src/test/scala/org/ensime/sexp/SexpPackageSpec.scala:18:37"
"_root_.scala.Predef.$conforms()Lscala/Predef/$less$colon$less;.","s-express/src/test/scala/org/ensime/sexp/SexpPackageSpec.scala:20:58"
"_root_.scala.Predef.$conforms()Lscala/Predef/$less$colon$less;.","s-express/src/test/scala/org/ensime/sexp/SexpPackageSpec.scala:22:78"
"_root_.scala.Predef.$conforms()Lscala/Predef/$less$colon$less;.","s-express/src/test/scala/org/ensime/sexp/SexpPackageSpec.scala:56:5"
"_root_.scala.Predef.$conforms()Lscala/Predef/$less$colon$less;.","s-express/src/test/scala/org/ensime/sexp/SexpPackageSpec.scala:77:5"
"_root_.scala.Predef.$conforms()Lscala/Predef/$less$colon$less;.","s-express/src/test/scala/org/ensime/sexp/SexpPackageSpec.scala:112:5"
"_root_.scala.Predef.$conforms()Lscala/Predef/$less$colon$less;.","s-express/src/test/scala/org/ensime/sexp/SexpCompactPrinterSpec.scala:10:47"
"_root_.scala.Predef.$conforms()Lscala/Predef/$less$colon$less;.","s-express/src/test/scala/org/ensime/sexp/formats/BigIntConvertorSpec.scala:23:68"
"_root_.scala.Predef.$conforms()Lscala/Predef/$less$colon$less;.","s-express/src/test/scala/org/ensime/sexp/formats/BigIntConvertorSpec.scala:29:66"
"_root_.scala.Predef.$conforms()Lscala/Predef/$less$colon$less;.","s-express/src/test/scala/org/ensime/sexp/formats/BigIntConvertorSpec.scala:37:70"
"_root_.org.ensime.sexp.formats.BigIntConvertorCheck#arbitraryBitSet()Lorg/scalacheck/Arbitrary;.","s-express/src/test/scala/org/ensime/sexp/formats/BigIntConvertorSpec.scala:49:5"
"_root_.scala.Predef.$conforms()Lscala/Predef/$less$colon$less;.","s-express/src/test/scala/org/ensime/sexp/formats/BigIntConvertorSpec.scala:48:53"
"_root_.org.ensime.sexp.formats.CollectionFormats#genTraversableFormat(Lscala/Predef/$less$colon$less;Lscala/collection/generic/CanBuildFrom;Lorg/ensime/sexp/SexpFormat;)Lorg/ensime/sexp/SexpFormat;.","s-express/src/test/scala/org/ensime/sexp/formats/CollectionFormatsSpec.scala:18:59"
"_root_.scala.Predef.$conforms()Lscala/Predef/$less$colon$less;.","s-express/src/test/scala/org/ensime/sexp/formats/CollectionFormatsSpec.scala:18:59"
"_root_.org.ensime.sexp.formats.CollectionFormats#genTraversableFormat(Lscala/Predef/$less$colon$less;Lscala/collection/generic/CanBuildFrom;Lorg/ensime/sexp/SexpFormat;)Lorg/ensime/sexp/SexpFormat;.","s-express/src/test/scala/org/ensime/sexp/formats/CollectionFormatsSpec.scala:19:58"
"_root_.scala.Predef.$conforms()Lscala/Predef/$less$colon$less;.","s-express/src/test/scala/org/ensime/sexp/formats/CollectionFormatsSpec.scala:19:58"
"_root_.org.ensime.sexp.formats.CollectionFormats#genTraversableFormat(Lscala/Predef/$less$colon$less;Lscala/collection/generic/CanBuildFrom;Lorg/ensime/sexp/SexpFormat;)Lorg/ensime/sexp/SexpFormat;.","s-express/src/test/scala/org/ensime/sexp/formats/CollectionFormatsSpec.scala:23:56"
"_root_.scala.Predef.$conforms()Lscala/Predef/$less$colon$less;.","s-express/src/test/scala/org/ensime/sexp/formats/CollectionFormatsSpec.scala:23:56"
"_root_.org.ensime.sexp.formats.CollectionFormats#genTraversableFormat(Lscala/Predef/$less$colon$less;Lscala/collection/generic/CanBuildFrom;Lorg/ensime/sexp/SexpFormat;)Lorg/ensime/sexp/SexpFormat;.","s-express/src/test/scala/org/ensime/sexp/formats/CollectionFormatsSpec.scala:24:55"
"_root_.scala.Predef.$conforms()Lscala/Predef/$less$colon$less;.","s-express/src/test/scala/org/ensime/sexp/formats/CollectionFormatsSpec.scala:24:55"
"_root_.org.ensime.sexp.formats.CollectionFormats#genTraversableFormat(Lscala/Predef/$less$colon$less;Lscala/collection/generic/CanBuildFrom;Lorg/ensime/sexp/SexpFormat;)Lorg/ensime/sexp/SexpFormat;.","s-express/src/test/scala/org/ensime/sexp/formats/CollectionFormatsSpec.scala:28:51"
"_root_.scala.Predef.$conforms()Lscala/Predef/$less$colon$less;.","s-express/src/test/scala/org/ensime/sexp/formats/CollectionFormatsSpec.scala:28:51"
"_root_.org.ensime.sexp.formats.CollectionFormats#genTraversableFormat(Lscala/Predef/$less$colon$less;Lscala/collection/generic/CanBuildFrom;Lorg/ensime/sexp/SexpFormat;)Lorg/ensime/sexp/SexpFormat;.","s-express/src/test/scala/org/ensime/sexp/formats/CollectionFormatsSpec.scala:29:50"
"_root_.scala.Predef.$conforms()Lscala/Predef/$less$colon$less;.","s-express/src/test/scala/org/ensime/sexp/formats/CollectionFormatsSpec.scala:29:50"
"_root_.org.ensime.sexp.formats.CollectionFormats#genTraversableFormat(Lscala/Predef/$less$colon$less;Lscala/collection/generic/CanBuildFrom;Lorg/ensime/sexp/SexpFormat;)Lorg/ensime/sexp/SexpFormat;.","s-express/src/test/scala/org/ensime/sexp/formats/CollectionFormatsSpec.scala:33:58"
"_root_.scala.Predef.$conforms()Lscala/Predef/$less$colon$less;.","s-express/src/test/scala/org/ensime/sexp/formats/CollectionFormatsSpec.scala:33:58"
"_root_.org.ensime.sexp.formats.CollectionFormats#genTraversableFormat(Lscala/Predef/$less$colon$less;Lscala/collection/generic/CanBuildFrom;Lorg/ensime/sexp/SexpFormat;)Lorg/ensime/sexp/SexpFormat;.","s-express/src/test/scala/org/ensime/sexp/formats/CollectionFormatsSpec.scala:34:57"
"_root_.scala.Predef.$conforms()Lscala/Predef/$less$colon$less;.","s-express/src/test/scala/org/ensime/sexp/formats/CollectionFormatsSpec.scala:34:57"
"_root_.scala.Predef.$conforms()Lscala/Predef/$less$colon$less;.","s-express/src/test/scala/org/ensime/sexp/formats/CollectionFormatsSpec.scala:38:57"
"_root_.org.ensime.sexp.formats.CollectionFormats#genTraversableFormat(Lscala/Predef/$less$colon$less;Lscala/collection/generic/CanBuildFrom;Lorg/ensime/sexp/SexpFormat;)Lorg/ensime/sexp/SexpFormat;.","s-express/src/test/scala/org/ensime/sexp/formats/CollectionFormatsSpec.scala:38:57"
"_root_.scala.Predef.$conforms()Lscala/Predef/$less$colon$less;.","s-express/src/test/scala/org/ensime/sexp/formats/CollectionFormatsSpec.scala:39:56"
"_root_.org.ensime.sexp.formats.CollectionFormats#genTraversableFormat(Lscala/Predef/$less$colon$less;Lscala/collection/generic/CanBuildFrom;Lorg/ensime/sexp/SexpFormat;)Lorg/ensime/sexp/SexpFormat;.","s-express/src/test/scala/org/ensime/sexp/formats/CollectionFormatsSpec.scala:39:56"
"_root_.org.ensime.sexp.formats.CollectionFormats#genTraversableFormat(Lscala/Predef/$less$colon$less;Lscala/collection/generic/CanBuildFrom;Lorg/ensime/sexp/SexpFormat;)Lorg/ensime/sexp/SexpFormat;.","s-express/src/test/scala/org/ensime/sexp/formats/CollectionFormatsSpec.scala:43:51"
"_root_.scala.Predef.$conforms()Lscala/Predef/$less$colon$less;.","s-express/src/test/scala/org/ensime/sexp/formats/CollectionFormatsSpec.scala:43:51"
"_root_.org.ensime.sexp.formats.CollectionFormats#genTraversableFormat(Lscala/Predef/$less$colon$less;Lscala/collection/generic/CanBuildFrom;Lorg/ensime/sexp/SexpFormat;)Lorg/ensime/sexp/SexpFormat;.","s-express/src/test/scala/org/ensime/sexp/formats/CollectionFormatsSpec.scala:44:57"
"_root_.scala.Predef.$conforms()Lscala/Predef/$less$colon$less;.","s-express/src/test/scala/org/ensime/sexp/formats/CollectionFormatsSpec.scala:44:57"
"_root_.scala.Predef.$conforms()Lscala/Predef/$less$colon$less;.","s-express/src/test/scala/org/ensime/sexp/formats/CollectionFormatsSpec.scala:48:57"
"_root_.org.ensime.sexp.formats.CollectionFormats#genTraversableFormat(Lscala/Predef/$less$colon$less;Lscala/collection/generic/CanBuildFrom;Lorg/ensime/sexp/SexpFormat;)Lorg/ensime/sexp/SexpFormat;.","s-express/src/test/scala/org/ensime/sexp/formats/CollectionFormatsSpec.scala:48:57"
"_root_.scala.Predef.$conforms()Lscala/Predef/$less$colon$less;.","s-express/src/test/scala/org/ensime/sexp/formats/CollectionFormatsSpec.scala:49:63"
"_root_.org.ensime.sexp.formats.CollectionFormats#genTraversableFormat(Lscala/Predef/$less$colon$less;Lscala/collection/generic/CanBuildFrom;Lorg/ensime/sexp/SexpFormat;)Lorg/ensime/sexp/SexpFormat;.","s-express/src/test/scala/org/ensime/sexp/formats/CollectionFormatsSpec.scala:49:63"
"_root_.org.ensime.sexp.formats.CollectionFormats#genMapFormat(Lscala/Predef/$less$colon$less;Lscala/collection/generic/CanBuildFrom;Lorg/ensime/sexp/SexpFormat;Lorg/ensime/sexp/SexpFormat;)Lorg/ensime/sexp/SexpFormat;.","s-express/src/test/scala/org/ensime/sexp/formats/CollectionFormatsSpec.scala:61:59"
"_root_.scala.Predef.$conforms()Lscala/Predef/$less$colon$less;.","s-express/src/test/scala/org/ensime/sexp/formats/CollectionFormatsSpec.scala:61:59"
"_root_.org.ensime.sexp.formats.CollectionFormats#genMapFormat(Lscala/Predef/$less$colon$less;Lscala/collection/generic/CanBuildFrom;Lorg/ensime/sexp/SexpFormat;Lorg/ensime/sexp/SexpFormat;)Lorg/ensime/sexp/SexpFormat;.","s-express/src/test/scala/org/ensime/sexp/formats/CollectionFormatsSpec.scala:62:78"
"_root_.scala.Predef.$conforms()Lscala/Predef/$less$colon$less;.","s-express/src/test/scala/org/ensime/sexp/formats/CollectionFormatsSpec.scala:62:78"
"_root_.scala.Predef.$conforms()Lscala/Predef/$less$colon$less;.","s-express/src/test/scala/org/ensime/sexp/formats/CollectionFormatsSpec.scala:66:65"
"_root_.org.ensime.sexp.formats.CollectionFormats#genMapFormat(Lscala/Predef/$less$colon$less;Lscala/collection/generic/CanBuildFrom;Lorg/ensime/sexp/SexpFormat;Lorg/ensime/sexp/SexpFormat;)Lorg/ensime/sexp/SexpFormat;.","s-express/src/test/scala/org/ensime/sexp/formats/CollectionFormatsSpec.scala:66:65"
"_root_.scala.Predef.$conforms()Lscala/Predef/$less$colon$less;.","s-express/src/test/scala/org/ensime/sexp/formats/CollectionFormatsSpec.scala:68:46"
"_root_.org.ensime.sexp.formats.CollectionFormats#genMapFormat(Lscala/Predef/$less$colon$less;Lscala/collection/generic/CanBuildFrom;Lorg/ensime/sexp/SexpFormat;Lorg/ensime/sexp/SexpFormat;)Lorg/ensime/sexp/SexpFormat;.","s-express/src/test/scala/org/ensime/sexp/formats/CollectionFormatsSpec.scala:68:46"
"_root_.org.ensime.sexp.formats.CollectionFormats#genTraversableFormat(Lscala/Predef/$less$colon$less;Lscala/collection/generic/CanBuildFrom;Lorg/ensime/sexp/SexpFormat;)Lorg/ensime/sexp/SexpFormat;.","s-express/src/test/scala/org/ensime/sexp/formats/CollectionFormatsSpec.scala:72:51"
"_root_.scala.Predef.$conforms()Lscala/Predef/$less$colon$less;.","s-express/src/test/scala/org/ensime/sexp/formats/CollectionFormatsSpec.scala:72:51"
"_root_.org.ensime.sexp.formats.CollectionFormats#genTraversableFormat(Lscala/Predef/$less$colon$less;Lscala/collection/generic/CanBuildFrom;Lorg/ensime/sexp/SexpFormat;)Lorg/ensime/sexp/SexpFormat;.","s-express/src/test/scala/org/ensime/sexp/formats/CollectionFormatsSpec.scala:73:50"
"_root_.scala.Predef.$conforms()Lscala/Predef/$less$colon$less;.","s-express/src/test/scala/org/ensime/sexp/formats/CollectionFormatsSpec.scala:73:50"
"_root_.org.ensime.sexp.formats.CollectionFormats#genTraversableFormat(Lscala/Predef/$less$colon$less;Lscala/collection/generic/CanBuildFrom;Lorg/ensime/sexp/SexpFormat;)Lorg/ensime/sexp/SexpFormat;.","s-express/src/test/scala/org/ensime/sexp/formats/CollectionFormatsSpec.scala:77:48"
"_root_.scala.Predef.$conforms()Lscala/Predef/$less$colon$less;.","s-express/src/test/scala/org/ensime/sexp/formats/CollectionFormatsSpec.scala:77:48"
"_root_.org.ensime.sexp.formats.CollectionFormats#genTraversableFormat(Lscala/Predef/$less$colon$less;Lscala/collection/generic/CanBuildFrom;Lorg/ensime/sexp/SexpFormat;)Lorg/ensime/sexp/SexpFormat;.","s-express/src/test/scala/org/ensime/sexp/formats/CollectionFormatsSpec.scala:78:47"
"_root_.scala.Predef.$conforms()Lscala/Predef/$less$colon$less;.","s-express/src/test/scala/org/ensime/sexp/formats/CollectionFormatsSpec.scala:78:47"
"_root_.org.ensime.sexp.formats.CollectionFormats#genTraversableFormat(Lscala/Predef/$less$colon$less;Lscala/collection/generic/CanBuildFrom;Lorg/ensime/sexp/SexpFormat;)Lorg/ensime/sexp/SexpFormat;.","s-express/src/test/scala/org/ensime/sexp/formats/CollectionFormatsSpec.scala:82:43"
"_root_.scala.Predef.$conforms()Lscala/Predef/$less$colon$less;.","s-express/src/test/scala/org/ensime/sexp/formats/CollectionFormatsSpec.scala:82:43"
"_root_.org.ensime.sexp.formats.CollectionFormats#genTraversableFormat(Lscala/Predef/$less$colon$less;Lscala/collection/generic/CanBuildFrom;Lorg/ensime/sexp/SexpFormat;)Lorg/ensime/sexp/SexpFormat;.","s-express/src/test/scala/org/ensime/sexp/formats/CollectionFormatsSpec.scala:83:42"
"_root_.scala.Predef.$conforms()Lscala/Predef/$less$colon$less;.","s-express/src/test/scala/org/ensime/sexp/formats/CollectionFormatsSpec.scala:83:42"
"_root_.org.ensime.sexp.formats.CollectionFormats#genTraversableFormat(Lscala/Predef/$less$colon$less;Lscala/collection/generic/CanBuildFrom;Lorg/ensime/sexp/SexpFormat;)Lorg/ensime/sexp/SexpFormat;.","s-express/src/test/scala/org/ensime/sexp/formats/CollectionFormatsSpec.scala:87:50"
"_root_.scala.Predef.$conforms()Lscala/Predef/$less$colon$less;.","s-express/src/test/scala/org/ensime/sexp/formats/CollectionFormatsSpec.scala:87:50"
"_root_.org.ensime.sexp.formats.CollectionFormats#genTraversableFormat(Lscala/Predef/$less$colon$less;Lscala/collection/generic/CanBuildFrom;Lorg/ensime/sexp/SexpFormat;)Lorg/ensime/sexp/SexpFormat;.","s-express/src/test/scala/org/ensime/sexp/formats/CollectionFormatsSpec.scala:88:49"
"_root_.scala.Predef.$conforms()Lscala/Predef/$less$colon$less;.","s-express/src/test/scala/org/ensime/sexp/formats/CollectionFormatsSpec.scala:88:49"
"_root_.scala.Predef.$conforms()Lscala/Predef/$less$colon$less;.","s-express/src/test/scala/org/ensime/sexp/formats/CollectionFormatsSpec.scala:92:49"
"_root_.org.ensime.sexp.formats.CollectionFormats#genTraversableFormat(Lscala/Predef/$less$colon$less;Lscala/collection/generic/CanBuildFrom;Lorg/ensime/sexp/SexpFormat;)Lorg/ensime/sexp/SexpFormat;.","s-express/src/test/scala/org/ensime/sexp/formats/CollectionFormatsSpec.scala:92:49"
"_root_.scala.Predef.$conforms()Lscala/Predef/$less$colon$less;.","s-express/src/test/scala/org/ensime/sexp/formats/CollectionFormatsSpec.scala:93:48"
"_root_.org.ensime.sexp.formats.CollectionFormats#genTraversableFormat(Lscala/Predef/$less$colon$less;Lscala/collection/generic/CanBuildFrom;Lorg/ensime/sexp/SexpFormat;)Lorg/ensime/sexp/SexpFormat;.","s-express/src/test/scala/org/ensime/sexp/formats/CollectionFormatsSpec.scala:93:48"
"_root_.org.ensime.sexp.formats.CollectionFormats#genTraversableFormat(Lscala/Predef/$less$colon$less;Lscala/collection/generic/CanBuildFrom;Lorg/ensime/sexp/SexpFormat;)Lorg/ensime/sexp/SexpFormat;.","s-express/src/test/scala/org/ensime/sexp/formats/CollectionFormatsSpec.scala:97:43"
"_root_.scala.Predef.$conforms()Lscala/Predef/$less$colon$less;.","s-express/src/test/scala/org/ensime/sexp/formats/CollectionFormatsSpec.scala:97:43"
"_root_.org.ensime.sexp.formats.CollectionFormats#genTraversableFormat(Lscala/Predef/$less$colon$less;Lscala/collection/generic/CanBuildFrom;Lorg/ensime/sexp/SexpFormat;)Lorg/ensime/sexp/SexpFormat;.","s-express/src/test/scala/org/ensime/sexp/formats/CollectionFormatsSpec.scala:98:49"
"_root_.scala.Predef.$conforms()Lscala/Predef/$less$colon$less;.","s-express/src/test/scala/org/ensime/sexp/formats/CollectionFormatsSpec.scala:98:49"
"_root_.scala.Predef.$conforms()Lscala/Predef/$less$colon$less;.","s-express/src/test/scala/org/ensime/sexp/formats/CollectionFormatsSpec.scala:102:49"
"_root_.org.ensime.sexp.formats.CollectionFormats#genTraversableFormat(Lscala/Predef/$less$colon$less;Lscala/collection/generic/CanBuildFrom;Lorg/ensime/sexp/SexpFormat;)Lorg/ensime/sexp/SexpFormat;.","s-express/src/test/scala/org/ensime/sexp/formats/CollectionFormatsSpec.scala:102:49"
"_root_.scala.Predef.$conforms()Lscala/Predef/$less$colon$less;.","s-express/src/test/scala/org/ensime/sexp/formats/CollectionFormatsSpec.scala:103:55"
"_root_.org.ensime.sexp.formats.CollectionFormats#genTraversableFormat(Lscala/Predef/$less$colon$less;Lscala/collection/generic/CanBuildFrom;Lorg/ensime/sexp/SexpFormat;)Lorg/ensime/sexp/SexpFormat;.","s-express/src/test/scala/org/ensime/sexp/formats/CollectionFormatsSpec.scala:103:55"
"_root_.org.ensime.sexp.formats.CollectionFormats#genMapFormat(Lscala/Predef/$less$colon$less;Lscala/collection/generic/CanBuildFrom;Lorg/ensime/sexp/SexpFormat;Lorg/ensime/sexp/SexpFormat;)Lorg/ensime/sexp/SexpFormat;.","s-express/src/test/scala/org/ensime/sexp/formats/CollectionFormatsSpec.scala:115:51"
"_root_.scala.Predef.$conforms()Lscala/Predef/$less$colon$less;.","s-express/src/test/scala/org/ensime/sexp/formats/CollectionFormatsSpec.scala:115:51"
"_root_.org.ensime.sexp.formats.CollectionFormats#genMapFormat(Lscala/Predef/$less$colon$less;Lscala/collection/generic/CanBuildFrom;Lorg/ensime/sexp/SexpFormat;Lorg/ensime/sexp/SexpFormat;)Lorg/ensime/sexp/SexpFormat;.","s-express/src/test/scala/org/ensime/sexp/formats/CollectionFormatsSpec.scala:116:70"
"_root_.scala.Predef.$conforms()Lscala/Predef/$less$colon$less;.","s-express/src/test/scala/org/ensime/sexp/formats/CollectionFormatsSpec.scala:116:70"
"_root_.scala.Predef.$conforms()Lscala/Predef/$less$colon$less;.","s-express/src/test/scala/org/ensime/sexp/formats/CollectionFormatsSpec.scala:120:57"
"_root_.org.ensime.sexp.formats.CollectionFormats#genMapFormat(Lscala/Predef/$less$colon$less;Lscala/collection/generic/CanBuildFrom;Lorg/ensime/sexp/SexpFormat;Lorg/ensime/sexp/SexpFormat;)Lorg/ensime/sexp/SexpFormat;.","s-express/src/test/scala/org/ensime/sexp/formats/CollectionFormatsSpec.scala:120:57"
"_root_.scala.Predef.$conforms()Lscala/Predef/$less$colon$less;.","s-express/src/test/scala/org/ensime/sexp/formats/CollectionFormatsSpec.scala:121:76"
"_root_.org.ensime.sexp.formats.CollectionFormats#genMapFormat(Lscala/Predef/$less$colon$less;Lscala/collection/generic/CanBuildFrom;Lorg/ensime/sexp/SexpFormat;Lorg/ensime/sexp/SexpFormat;)Lorg/ensime/sexp/SexpFormat;.","s-express/src/test/scala/org/ensime/sexp/formats/CollectionFormatsSpec.scala:121:76"
"_root_.org.ensime.sexp.formats.CollectionFormats#genTraversableFormat(Lscala/Predef/$less$colon$less;Lscala/collection/generic/CanBuildFrom;Lorg/ensime/sexp/SexpFormat;)Lorg/ensime/sexp/SexpFormat;.","s-express/src/test/scala/org/ensime/sexp/formats/CollectionFormatsSpec.scala:125:44"
"_root_.scala.Predef.$conforms()Lscala/Predef/$less$colon$less;.","s-express/src/test/scala/org/ensime/sexp/formats/CollectionFormatsSpec.scala:125:44"
"_root_.org.ensime.sexp.formats.CollectionFormats#genTraversableFormat(Lscala/Predef/$less$colon$less;Lscala/collection/generic/CanBuildFrom;Lorg/ensime/sexp/SexpFormat;)Lorg/ensime/sexp/SexpFormat;.","s-express/src/test/scala/org/ensime/sexp/formats/CollectionFormatsSpec.scala:126:43"
"_root_.scala.Predef.$conforms()Lscala/Predef/$less$colon$less;.","s-express/src/test/scala/org/ensime/sexp/formats/CollectionFormatsSpec.scala:126:43"
"_root_.org.ensime.sexp.formats.CollectionFormats#genTraversableFormat(Lscala/Predef/$less$colon$less;Lscala/collection/generic/CanBuildFrom;Lorg/ensime/sexp/SexpFormat;)Lorg/ensime/sexp/SexpFormat;.","s-express/src/test/scala/org/ensime/sexp/formats/CollectionFormatsSpec.scala:130:46"
"_root_.scala.Predef.$conforms()Lscala/Predef/$less$colon$less;.","s-express/src/test/scala/org/ensime/sexp/formats/CollectionFormatsSpec.scala:130:46"
"_root_.org.ensime.sexp.formats.CollectionFormats#genTraversableFormat(Lscala/Predef/$less$colon$less;Lscala/collection/generic/CanBuildFrom;Lorg/ensime/sexp/SexpFormat;)Lorg/ensime/sexp/SexpFormat;.","s-express/src/test/scala/org/ensime/sexp/formats/CollectionFormatsSpec.scala:131:45"
"_root_.scala.Predef.$conforms()Lscala/Predef/$less$colon$less;.","s-express/src/test/scala/org/ensime/sexp/formats/CollectionFormatsSpec.scala:131:45"
"_root_.org.ensime.sexp.formats.BasicFormats#DoubleFormat.","s-express/src/test/scala/org/ensime/sexp/formats/CollectionFormatsSpec.scala:172:5"
"_root_.org.ensime.sexp.formats.CollectionFormats#numericRangeFormat(Lorg/ensime/sexp/SexpFormat;Lscala/math/Integral;)Lorg/ensime/sexp/SexpFormat;.","s-express/src/test/scala/org/ensime/sexp/formats/CollectionFormatsSpec.scala:172:5"
"_root_.org.ensime.sexp.formats.BasicFormats#DoubleFormat.","s-express/src/test/scala/org/ensime/sexp/formats/CollectionFormatsSpec.scala:182:5"
"_root_.org.ensime.sexp.formats.CollectionFormats#numericRangeFormat(Lorg/ensime/sexp/SexpFormat;Lscala/math/Integral;)Lorg/ensime/sexp/SexpFormat;.","s-express/src/test/scala/org/ensime/sexp/formats/CollectionFormatsSpec.scala:182:5"
"_root_.org.ensime.sexp.formats.SexpFormats#SexpFormat_.","s-express/src/test/scala/org/ensime/sexp/formats/SexpFormatsSpec.scala:11:63"
"_root_.org.ensime.sexp.formats.StandardFormats#optionFormat(Lorg/ensime/sexp/SexpFormat;)Lorg/ensime/sexp/SexpFormat;.","s-express/src/test/scala/org/ensime/sexp/formats/StandardFormatsSpec.scala:18:69"
"_root_.org.ensime.sexp.formats.StandardFormats#optionFormat(Lorg/ensime/sexp/SexpFormat;)Lorg/ensime/sexp/SexpFormat;.","s-express/src/test/scala/org/ensime/sexp/formats/StandardFormatsSpec.scala:19:47"
"_root_.org.ensime.sexp.formats.BasicFormats#IntFormat.","s-express/src/test/scala/org/ensime/sexp/formats/StandardFormatsSpec.scala:28:5"
"_root_.org.ensime.sexp.formats.StandardFormats#eitherFormat(Lorg/ensime/sexp/SexpFormat;Lorg/ensime/sexp/SexpFormat;)Lorg/ensime/sexp/SexpFormat;.","s-express/src/test/scala/org/ensime/sexp/formats/StandardFormatsSpec.scala:28:5"
"_root_.org.ensime.sexp.formats.BasicFormats#IntFormat.","s-express/src/test/scala/org/ensime/sexp/formats/StandardFormatsSpec.scala:32:5"
"_root_.org.ensime.sexp.formats.StandardFormats#eitherFormat(Lorg/ensime/sexp/SexpFormat;Lorg/ensime/sexp/SexpFormat;)Lorg/ensime/sexp/SexpFormat;.","s-express/src/test/scala/org/ensime/sexp/formats/StandardFormatsSpec.scala:32:5"
"_root_.org.ensime.sexp.formats.StandardFormats#UuidFormat.","s-express/src/test/scala/org/ensime/sexp/formats/StandardFormatsSpec.scala:37:49"
"_root_.org.ensime.sexp.formats.StandardFormats#UriFormat.","s-express/src/test/scala/org/ensime/sexp/formats/StandardFormatsSpec.scala:51:41"
"_root_.org.ensime.sexp.formats.StandardFormats#FileFormat.","s-express/src/test/scala/org/ensime/sexp/formats/StandardFormatsSpec.scala:56:41"
"_root_.org.ensime.sexp.formats.StandardFormats#DateFormat.","s-express/src/test/scala/org/ensime/sexp/formats/StandardFormatsSpec.scala:61:63"
"_root_.org.ensime.sexp.formats.StandardFormats#DateFormat.","s-express/src/test/scala/org/ensime/sexp/formats/StandardFormatsSpec.scala:64:63"
"_root_.scala.Predef.$conforms()Lscala/Predef/$less$colon$less;.","s-express/src/test/scala/org/ensime/sexp/formats/SexpFormatUtilsSpec.scala:18:38"
"_root_.scala.Predef.$conforms()Lscala/Predef/$less$colon$less;.","s-express/src/test/scala/org/ensime/sexp/formats/SexpFormatUtilsSpec.scala:28:53"
"_root_.scala.Predef.$conforms()Lscala/Predef/$less$colon$less;.","s-express/src/test/scala/org/ensime/sexp/formats/SexpFormatUtilsSpec.scala:43:52"
"_root_.scala.Predef.$conforms()Lscala/Predef/$less$colon$less;.","s-express/src/test/scala/org/ensime/sexp/formats/SexpFormatUtilsSpec.scala:44:37"
"_root_.scala.Predef.$conforms()Lscala/Predef/$less$colon$less;.","s-express/src/test/scala/org/ensime/sexp/formats/SexpFormatUtilsSpec.scala:55:80"
"_root_.scala.Predef.$conforms()Lscala/Predef/$less$colon$less;.","s-express/src/test/scala/org/ensime/sexp/formats/SexpFormatUtilsSpec.scala:57:65"
"_root_.scala.Predef.$conforms()Lscala/Predef/$less$colon$less;.","s-express/src/test/scala/org/ensime/sexp/formats/SexpFormatUtilsSpec.scala:70:65"
"_root_.org.ensime.util.ensimefile.package.richEnsimeFile(Lorg/ensime/api/EnsimeFile;)Lorg/ensime/util/ensimefile/RichEnsimeFile;.","util/src/test/scala/org/ensime/util/EnsimeFileSpec.scala:37:46"
"_root_.org.ensime.util.ensimefile.package.richEnsimeFile(Lorg/ensime/api/EnsimeFile;)Lorg/ensime/util/ensimefile/RichEnsimeFile;.","util/src/main/scala/org/ensime/util/fileobject.scala:35:49"
"_root_.org.ensime.util.enums.SingletonByName.CNilSingleton()Lorg/ensime/util/enums/SingletonByName;.","util/src/test/scala/org/ensime/util/EnumsSpec.scala:23:45"
"_root_.org.ensime.util.enums.AdtToMap.fromSingletonByName(Lshapeless/Generic;Lorg/ensime/util/enums/SingletonByName;)Lorg/ensime/util/enums/AdtToMap;.","util/src/test/scala/org/ensime/util/EnumsSpec.scala:23:45"
"_root_.org.ensime.util.enums.SingletonByName.coproductSingletons(Lorg/ensime/util/enums/SingletonByName;Lshapeless/Witness;Lshapeless/Typeable;)Lorg/ensime/util/enums/SingletonByName;.","util/src/test/scala/org/ensime/util/EnumsSpec.scala:23:45"
"_root_.org.ensime.util.enums.SingletonByName.coproductSingletons(Lorg/ensime/util/enums/SingletonByName;Lshapeless/Witness;Lshapeless/Typeable;)Lorg/ensime/util/enums/SingletonByName;.","util/src/test/scala/org/ensime/util/EnumsSpec.scala:23:45"
"_root_.org.ensime.util.enums.SingletonByName.coproductSingletons(Lorg/ensime/util/enums/SingletonByName;Lshapeless/Witness;Lshapeless/Typeable;)Lorg/ensime/util/enums/SingletonByName;.","util/src/test/scala/org/ensime/util/EnumsSpec.scala:23:45"
"_root_.org.ensime.util.enums.SingletonByName.coproductSingletons(Lorg/ensime/util/enums/SingletonByName;Lshapeless/Witness;Lshapeless/Typeable;)Lorg/ensime/util/enums/SingletonByName;.","util/src/test/scala/org/ensime/util/EnumsSpec.scala:33:29"
"_root_.org.ensime.util.enums.AdtToMap.fromSingletonByName(Lshapeless/Generic;Lorg/ensime/util/enums/SingletonByName;)Lorg/ensime/util/enums/AdtToMap;.","util/src/test/scala/org/ensime/util/EnumsSpec.scala:33:29"
"_root_.org.ensime.util.enums.SingletonByName.coproductSingletons(Lorg/ensime/util/enums/SingletonByName;Lshapeless/Witness;Lshapeless/Typeable;)Lorg/ensime/util/enums/SingletonByName;.","util/src/test/scala/org/ensime/util/EnumsSpec.scala:33:29"
"_root_.org.ensime.util.enums.SingletonByName.coproductSingletons(Lorg/ensime/util/enums/SingletonByName;Lshapeless/Witness;Lshapeless/Typeable;)Lorg/ensime/util/enums/SingletonByName;.","util/src/test/scala/org/ensime/util/EnumsSpec.scala:33:29"
"_root_.org.ensime.util.enums.SingletonByName.coproductSingletons(Lorg/ensime/util/enums/SingletonByName;Lshapeless/Witness;Lshapeless/Typeable;)Lorg/ensime/util/enums/SingletonByName;.","util/src/test/scala/org/ensime/util/EnumsSpec.scala:33:29"
"_root_.org.ensime.util.enums.SingletonByName.CNilSingleton()Lorg/ensime/util/enums/SingletonByName;.","util/src/test/scala/org/ensime/util/EnumsSpec.scala:33:29"
"_root_.org.ensime.util.ensimefile.package.Implicits.DefaultCharset.","util/src/test/scala/org/ensime/util/FileSpec.scala:89:24"
"_root_.org.ensime.util.ensimefile.package.Implicits.DefaultCharset.","util/src/test/scala/org/ensime/util/FileSpec.scala:95:32"
"_root_.org.ensime.swanky.SwankyFormats.RpcRequestEnvelopeFormat.","protocol-swanky/src/test/scala/org/ensime/swanky/SwankyFormatsSpec.scala:27:69"
"_root_.org.ensime.swanky.SwankyFormats.RpcResponseEnvelopeFormat.","protocol-swanky/src/test/scala/org/ensime/swanky/SwankyFormatsSpec.scala:33:61"
"_root_.org.ensime.jerky.JerkyFormats.RpcRequestEnvelopeFormat.","protocol-jerky/src/test/scala/org/ensime/jerky/JerkyFormatsSpec.scala:21:5"
"_root_.org.ensime.jerky.JerkyFormats.RpcResponseEnvelopeFormat.","protocol-jerky/src/test/scala/org/ensime/jerky/JerkyFormatsSpec.scala:28:5"
"_root_.org.ensime.jerky.JerkyFormats.RpcResponseEnvelopeFormat.","protocol-jerky/src/test/scala/org/ensime/jerky/JerkyFormatsSpec.scala:35:5"
"_root_.org.ensime.jerky.JerkyFormats.RpcRequestEnvelopeFormat.","protocol-jerky/src/test/scala/org/ensime/jerky/JerkyFormatsSpec.scala:40:58"
"_root_.org.ensime.jerky.JerkyFormats.RpcResponseEnvelopeFormat.","protocol-jerky/src/test/scala/org/ensime/jerky/JerkyFormatsSpec.scala:45:49"
"_root_.akka.actor.Actor#self.","core/src/main/scala/org/ensime/core/Analyzer.scala:107:58"
"_root_.akka.actor.Actor#self.","core/src/main/scala/org/ensime/core/Analyzer.scala:111:63"
"_root_.akka.actor.Actor#self.","core/src/main/scala/org/ensime/core/Analyzer.scala:118:5"
"_root_.akka.actor.ActorContext#dispatcher()Lscala/concurrent/ExecutionContextExecutor;.","core/src/main/scala/org/ensime/core/Analyzer.scala:128:5"
"_root_.akka.actor.Actor#self.","core/src/main/scala/org/ensime/core/Analyzer.scala:128:5"
"_root_.akka.actor.Actor#context.","core/src/main/scala/org/ensime/core/Analyzer.scala:177:3"
"_root_.akka.actor.Actor#context.","core/src/main/scala/org/ensime/core/Analyzer.scala:203:3"
"_root_.akka.actor.Actor#context.","core/src/main/scala/org/ensime/core/Analyzer.scala:214:3"
"_root_.akka.actor.Actor#context.","core/src/main/scala/org/ensime/core/Analyzer.scala:218:75"
"_root_.akka.actor.Actor#context.","core/src/main/scala/org/ensime/core/Analyzer.scala:220:54"
"_root_.akka.actor.Actor#context.","core/src/main/scala/org/ensime/core/Analyzer.scala:225:59"
"_root_.akka.actor.Actor#self.","core/src/main/scala/org/ensime/core/Analyzer.scala:229:7"
"_root_.akka.actor.ActorContext#dispatcher()Lscala/concurrent/ExecutionContextExecutor;.","core/src/main/scala/org/ensime/core/Analyzer.scala:231:38"
"_root_.akka.actor.ActorContext#dispatcher()Lscala/concurrent/ExecutionContextExecutor;.","core/src/main/scala/org/ensime/core/Analyzer.scala:231:37"
"_root_.akka.pattern.PipeToSupport#pipe(Lscala/concurrent/Future;Lscala/concurrent/ExecutionContext;)Lakka/pattern/PipeToSupport/PipeableFuture;.","core/src/main/scala/org/ensime/core/Analyzer.scala:238:7"
"_root_.akka.actor.ActorContext#dispatcher()Lscala/concurrent/ExecutionContextExecutor;.","core/src/main/scala/org/ensime/core/Analyzer.scala:238:7"
"_root_.akka.actor.Actor#self.","core/src/main/scala/org/ensime/core/Analyzer.scala:243:71"
"_root_.akka.actor.Actor#self.","core/src/main/scala/org/ensime/core/Analyzer.scala:244:77"
"_root_.akka.actor.Actor#self.","core/src/main/scala/org/ensime/core/Analyzer.scala:249:69"
"_root_.akka.actor.Actor#self.","core/src/main/scala/org/ensime/core/Analyzer.scala:250:77"
"_root_.akka.actor.Actor#self.","core/src/main/scala/org/ensime/core/Analyzer.scala:256:7"
"_root_.akka.actor.Actor#self.","core/src/main/scala/org/ensime/core/Analyzer.scala:260:56"
"_root_.akka.actor.Actor#self.","core/src/main/scala/org/ensime/core/Analyzer.scala:266:7"
"_root_.akka.actor.Actor#self.","core/src/main/scala/org/ensime/core/Analyzer.scala:268:53"
"_root_.akka.actor.Actor#self.","core/src/main/scala/org/ensime/core/Analyzer.scala:276:7"
"_root_.akka.actor.Actor#self.","core/src/main/scala/org/ensime/core/Analyzer.scala:282:7"
"_root_.akka.actor.Actor#self.","core/src/main/scala/org/ensime/core/Analyzer.scala:286:76"
"_root_.akka.actor.Actor#self.","core/src/main/scala/org/ensime/core/Analyzer.scala:291:7"
"_root_.scala.Predef.$conforms()Lscala/Predef/$less$colon$less;.","core/src/main/scala/org/ensime/util/FileUtil.scala:70:77"
"_root_.org.ensime.indexer.graph.GraphService.ClassDefBdf.","core/src/main/scala/org/ensime/indexer/graph/GraphService.scala:211:67"
"_root_.org.ensime.indexer.graph.GraphService.ClassDefS.","core/src/main/scala/org/ensime/indexer/graph/GraphService.scala:211:67"
"_root_.org.ensime.indexer.graph.GraphService.MethodBdf.","core/src/main/scala/org/ensime/indexer/graph/GraphService.scala:212:68"
"_root_.org.ensime.indexer.graph.GraphService.MethodS.","core/src/main/scala/org/ensime/indexer/graph/GraphService.scala:212:68"
"_root_.org.ensime.indexer.graph.GraphService.FieldBdf.","core/src/main/scala/org/ensime/indexer/graph/GraphService.scala:213:67"
"_root_.org.ensime.indexer.graph.GraphService.FieldS.","core/src/main/scala/org/ensime/indexer/graph/GraphService.scala:213:67"
"_root_.org.ensime.indexer.graph.GraphService.UniqueFqnSymbolV.","core/src/main/scala/org/ensime/indexer/graph/GraphService.scala:220:54"
"_root_.org.ensime.indexer.graph.GraphService.UniqueFileCheckV.","core/src/main/scala/org/ensime/indexer/graph/GraphService.scala:221:54"
"_root_.org.ensime.indexer.graph.GraphService#db.","core/src/main/scala/org/ensime/indexer/graph/GraphService.scala:230:3"
"_root_.org.ensime.indexer.graph.GraphService#ec.","core/src/main/scala/org/ensime/indexer/graph/GraphService.scala:230:3"
"_root_.org.ensime.indexer.graph.GraphService#db.","core/src/main/scala/org/ensime/indexer/graph/GraphService.scala:238:5"
"_root_.org.ensime.indexer.graph.GraphService#ec.","core/src/main/scala/org/ensime/indexer/graph/GraphService.scala:238:5"
"_root_.org.ensime.indexer.graph.GraphService.FileCheckBdf.","core/src/main/scala/org/ensime/indexer/graph/GraphService.scala:234:59"
"_root_.org.ensime.indexer.graph.GraphService.UniqueFileCheckV.","core/src/main/scala/org/ensime/indexer/graph/GraphService.scala:234:59"
"_root_.org.ensime.indexer.graph.GraphService#db.","core/src/main/scala/org/ensime/indexer/graph/GraphService.scala:388:3"
"_root_.org.ensime.indexer.graph.GraphService#ec.","core/src/main/scala/org/ensime/indexer/graph/GraphService.scala:388:3"
"_root_.org.ensime.indexer.graph.GraphService.FileCheckBdf.","core/src/main/scala/org/ensime/indexer/graph/GraphService.scala:253:61"
"_root_.org.ensime.indexer.graph.GraphService.UniqueFileCheckV.","core/src/main/scala/org/ensime/indexer/graph/GraphService.scala:253:61"
"_root_.org.ensime.indexer.graph.GraphService.FileCheckBdf.","core/src/main/scala/org/ensime/indexer/graph/GraphService.scala:276:78"
"_root_.org.ensime.indexer.graph.GraphService.UniqueFileCheckV.","core/src/main/scala/org/ensime/indexer/graph/GraphService.scala:276:78"
"_root_.org.ensime.indexer.graph.GraphService.ClassDefBdf.","core/src/main/scala/org/ensime/indexer/graph/GraphService.scala:277:70"
"_root_.org.ensime.indexer.graph.GraphService.UniqueClassDefV.","core/src/main/scala/org/ensime/indexer/graph/GraphService.scala:277:70"
"_root_.org.ensime.indexer.graph.GraphService.DefinedInS.","core/src/main/scala/org/ensime/indexer/graph/GraphService.scala:279:55"
"_root_.org.ensime.indexer.graph.GraphService.ClassDefBdf.","core/src/main/scala/org/ensime/indexer/graph/GraphService.scala:305:79"
"_root_.org.ensime.indexer.graph.GraphService.UniqueClassDefV.","core/src/main/scala/org/ensime/indexer/graph/GraphService.scala:305:79"
"_root_.org.ensime.indexer.graph.GraphService.IsParentS.","core/src/main/scala/org/ensime/indexer/graph/GraphService.scala:306:58"
"_root_.org.ensime.indexer.graph.GraphService.MethodBdf.","core/src/main/scala/org/ensime/indexer/graph/GraphService.scala:319:55"
"_root_.org.ensime.indexer.graph.GraphService.UniqueMethodV.","core/src/main/scala/org/ensime/indexer/graph/GraphService.scala:319:55"
"_root_.org.ensime.indexer.graph.GraphService.EnclosingClassS.","core/src/main/scala/org/ensime/indexer/graph/GraphService.scala:320:61"
"_root_.org.ensime.indexer.graph.GraphService.FieldBdf.","core/src/main/scala/org/ensime/indexer/graph/GraphService.scala:332:53"
"_root_.org.ensime.indexer.graph.GraphService.UniqueFieldV.","core/src/main/scala/org/ensime/indexer/graph/GraphService.scala:332:53"
"_root_.org.ensime.indexer.graph.GraphService.EnclosingClassS.","core/src/main/scala/org/ensime/indexer/graph/GraphService.scala:333:60"
"_root_.org.ensime.indexer.graph.GraphService.FieldBdf.","core/src/main/scala/org/ensime/indexer/graph/GraphService.scala:345:53"
"_root_.org.ensime.indexer.graph.GraphService.UniqueFieldV.","core/src/main/scala/org/ensime/indexer/graph/GraphService.scala:345:53"
"_root_.org.ensime.indexer.graph.GraphService.EnclosingClassS.","core/src/main/scala/org/ensime/indexer/graph/GraphService.scala:346:60"
"_root_.org.ensime.indexer.graph.GraphService.ClassDefBdf.","core/src/main/scala/org/ensime/indexer/graph/GraphService.scala:353:63"
"_root_.org.ensime.indexer.graph.GraphService.UniqueClassDefV.","core/src/main/scala/org/ensime/indexer/graph/GraphService.scala:353:63"
"_root_.org.ensime.indexer.graph.GraphService.MethodBdf.","core/src/main/scala/org/ensime/indexer/graph/GraphService.scala:354:76"
"_root_.org.ensime.indexer.graph.GraphService.UniqueMethodV.","core/src/main/scala/org/ensime/indexer/graph/GraphService.scala:354:76"
"_root_.org.ensime.indexer.graph.GraphService.FieldBdf.","core/src/main/scala/org/ensime/indexer/graph/GraphService.scala:355:75"
"_root_.org.ensime.indexer.graph.GraphService.UniqueFieldV.","core/src/main/scala/org/ensime/indexer/graph/GraphService.scala:355:75"
"_root_.org.ensime.indexer.graph.GraphService.LineNumberBdf.","core/src/main/scala/org/ensime/indexer/graph/GraphService.scala:364:15"
"_root_.org.ensime.indexer.graph.GraphService.UsedAtS.","core/src/main/scala/org/ensime/indexer/graph/GraphService.scala:365:54"
"_root_.org.ensime.indexer.graph.GraphService.UsedInS.","core/src/main/scala/org/ensime/indexer/graph/GraphService.scala:366:54"
"_root_.org.ensime.indexer.graph.GraphService.EnclosingClassS.","core/src/main/scala/org/ensime/indexer/graph/GraphService.scala:378:73"
"_root_.org.ensime.indexer.graph.GraphService.EnclosingClassS.","core/src/main/scala/org/ensime/indexer/graph/GraphService.scala:381:74"
"_root_.org.ensime.indexer.graph.GraphService#db.","core/src/main/scala/org/ensime/indexer/graph/GraphService.scala:396:3"
"_root_.org.ensime.indexer.graph.GraphService#ec.","core/src/main/scala/org/ensime/indexer/graph/GraphService.scala:396:3"
"_root_.org.ensime.indexer.graph.GraphService.FileCheckBdf.","core/src/main/scala/org/ensime/indexer/graph/GraphService.scala:395:48"
"_root_.org.ensime.indexer.graph.GraphService.UniqueFileCheckV.","core/src/main/scala/org/ensime/indexer/graph/GraphService.scala:395:48"
"_root_.org.ensime.indexer.graph.GraphService.ClassDefBdf.","core/src/main/scala/org/ensime/indexer/graph/GraphService.scala:395:48"
"_root_.org.ensime.indexer.graph.GraphService#db.","core/src/main/scala/org/ensime/indexer/graph/GraphService.scala:404:3"
"_root_.org.ensime.indexer.graph.GraphService#ec.","core/src/main/scala/org/ensime/indexer/graph/GraphService.scala:404:3"
"_root_.org.ensime.indexer.graph.GraphService.FqnSymbolBdf.","core/src/main/scala/org/ensime/indexer/graph/GraphService.scala:403:51"
"_root_.org.ensime.indexer.graph.GraphService.UniqueFqnSymbolV.","core/src/main/scala/org/ensime/indexer/graph/GraphService.scala:403:51"
"_root_.org.ensime.indexer.graph.GraphService#db.","core/src/main/scala/org/ensime/indexer/graph/GraphService.scala:414:3"
"_root_.org.ensime.indexer.graph.GraphService#ec.","core/src/main/scala/org/ensime/indexer/graph/GraphService.scala:414:3"
"_root_.org.ensime.indexer.graph.GraphService.FqnSymbolBdf.","core/src/main/scala/org/ensime/indexer/graph/GraphService.scala:412:64"
"_root_.org.ensime.indexer.graph.GraphService.UniqueFqnSymbolV.","core/src/main/scala/org/ensime/indexer/graph/GraphService.scala:412:64"
"_root_.org.ensime.indexer.graph.GraphService#db.","core/src/main/scala/org/ensime/indexer/graph/GraphService.scala:421:5"
"_root_.org.ensime.indexer.graph.GraphService#ec.","core/src/main/scala/org/ensime/indexer/graph/GraphService.scala:421:5"
"_root_.org.ensime.indexer.graph.GraphService.ClassDefBdf.","core/src/main/scala/org/ensime/indexer/graph/GraphService.scala:420:66"
"_root_.org.ensime.indexer.graph.GraphService.UniqueClassDefV.","core/src/main/scala/org/ensime/indexer/graph/GraphService.scala:420:66"
"_root_.org.ensime.indexer.graph.GraphService#db.","core/src/main/scala/org/ensime/indexer/graph/GraphService.scala:426:5"
"_root_.org.ensime.indexer.graph.GraphService#ec.","core/src/main/scala/org/ensime/indexer/graph/GraphService.scala:426:5"
"_root_.org.ensime.indexer.graph.GraphService.FqnSymbolBdf.","core/src/main/scala/org/ensime/indexer/graph/GraphService.scala:425:47"
"_root_.org.ensime.indexer.graph.GraphService.UniqueFqnSymbolV.","core/src/main/scala/org/ensime/indexer/graph/GraphService.scala:425:47"
"_root_.org.ensime.indexer.graph.GraphService#db.","core/src/main/scala/org/ensime/indexer/graph/GraphService.scala:431:3"
"_root_.org.ensime.indexer.graph.GraphService#ec.","core/src/main/scala/org/ensime/indexer/graph/GraphService.scala:431:3"
"_root_.org.ensime.indexer.graph.GraphService.FqnSymbolBdf.","core/src/main/scala/org/ensime/indexer/graph/GraphService.scala:430:39"
"_root_.org.ensime.indexer.graph.GraphService.UniqueFqnSymbolV.","core/src/main/scala/org/ensime/indexer/graph/GraphService.scala:430:39"
"_root_.org.ensime.indexer.graph.GraphService#db.","core/src/main/scala/org/ensime/indexer/graph/GraphService.scala:439:3"
"_root_.org.ensime.indexer.graph.GraphService#ec.","core/src/main/scala/org/ensime/indexer/graph/GraphService.scala:439:3"
"_root_.org.ensime.indexer.graph.GraphService.ClassDefBdf.","core/src/main/scala/org/ensime/indexer/graph/GraphService.scala:438:7"
"_root_.org.ensime.indexer.graph.GraphService#db.","core/src/main/scala/org/ensime/indexer/graph/GraphService.scala:446:3"
"_root_.org.ensime.indexer.graph.GraphService#ec.","core/src/main/scala/org/ensime/indexer/graph/GraphService.scala:446:3"
"_root_.org.ensime.indexer.graph.GraphService.ClassDefBdf.","core/src/main/scala/org/ensime/indexer/graph/GraphService.scala:445:7"
"_root_.scala.concurrent.ExecutionContext.Implicits.global.","core/src/main/scala/org/ensime/core/Completion.scala:447:45"
"_root_.scala.concurrent.ExecutionContext.Implicits.global.","core/src/main/scala/org/ensime/core/Completion.scala:447:18"
"_root_.scala.concurrent.ExecutionContext.Implicits.global.","core/src/main/scala/org/ensime/core/Completion.scala:447:5"
"_root_.akka.testkit.ImplicitSender#self()Lakka/actor/ActorRef;.","core/src/test/scala/org/ensime/core/BroadcasterSpec.scala:50:31"
"_root_.akka.actor.Actor#self.","core/src/test/scala/org/ensime/core/AnalyzerManagerSpec.scala:27:13"
"_root_.akka.testkit.ImplicitSender#self()Lakka/actor/ActorRef;.","core/src/test/scala/org/ensime/core/AnalyzerManagerSpec.scala:72:77"
"_root_.scala.Predef.refArrayOps([Ljava/lang/Object;)[Ljava/lang/Object;.","core/src/main/scala/org/ensime/core/javac/JavaSymbolAtPoint.scala:66:51"
"_root_.scala.Predef.$conforms()Lscala/Predef/$less$colon$less;.","core/src/test/scala/org/ensime/indexer/lucene/DynamicSynonymFilterSpec.scala:56:58"
"_root_.scala.Predef.$conforms()Lscala/Predef/$less$colon$less;.","core/src/test/scala/org/ensime/indexer/lucene/DynamicSynonymFilterSpec.scala:61:77"
"_root_.org.ensime.core.RichPresentationCompiler#(ec)","core/src/main/scala/org/ensime/core/RichPresentationCompiler.scala:160:42"
"_root_.org.ensime.core.RichCompilerControl#charset()Ljava/nio/charset/Charset;.","core/src/main/scala/org/ensime/core/RichPresentationCompiler.scala:273:29"
"_root_.org.ensime.core.RichCompilerControl#charset()Ljava/nio/charset/Charset;.","core/src/main/scala/org/ensime/core/RichPresentationCompiler.scala:278:29"
"_root_.scala.Predef.$conforms()Lscala/Predef/$less$colon$less;.","core/src/test/scala/org/ensime/indexer/lucene/LuceneSerializationSpec.scala:15:22"
"_root_.scala.concurrent.ExecutionContext.Implicits.global.","core/src/main/scala/org/ensime/indexer/SearchService.scala:187:9"
"_root_.scala.concurrent.ExecutionContext.Implicits.global.","core/src/main/scala/org/ensime/indexer/SearchService.scala:192:9"
"_root_.scala.concurrent.ExecutionContext.Implicits.global.","core/src/main/scala/org/ensime/indexer/SearchService.scala:224:28"
"_root_.scala.concurrent.ExecutionContext.Implicits.global.","core/src/main/scala/org/ensime/indexer/SearchService.scala:224:17"
"_root_.scala.concurrent.ExecutionContext.Implicits.global.","core/src/main/scala/org/ensime/indexer/SearchService.scala:232:43"
"_root_.scala.concurrent.ExecutionContext.Implicits.global.","core/src/main/scala/org/ensime/indexer/SearchService.scala:234:27"
"_root_.scala.concurrent.ExecutionContext.Implicits.global.","core/src/main/scala/org/ensime/indexer/SearchService.scala:454:40"
"_root_.scala.concurrent.ExecutionContext.Implicits.global.","core/src/main/scala/org/ensime/indexer/SearchService.scala:454:29"
"_root_.scala.concurrent.ExecutionContext.Implicits.global.","core/src/main/scala/org/ensime/indexer/SearchService.scala:477:5"
"_root_.akka.actor.Actor#context.","core/src/main/scala/org/ensime/indexer/SearchService.scala:558:75"
"_root_.akka.actor.Actor#self.","core/src/main/scala/org/ensime/indexer/SearchService.scala:582:66"
"_root_.scala.concurrent.ExecutionContext.Implicits.global.","core/src/main/scala/org/ensime/indexer/SearchService.scala:641:13"
"_root_.scala.concurrent.ExecutionContext.Implicits.global.","core/src/main/scala/org/ensime/indexer/SearchService.scala:602:16"
"_root_.scala.concurrent.ExecutionContext.Implicits.global.","core/src/main/scala/org/ensime/indexer/SearchService.scala:601:45"
"_root_.scala.concurrent.ExecutionContext.Implicits.global.","core/src/main/scala/org/ensime/indexer/SearchService.scala:639:21"
"_root_.scala.concurrent.ExecutionContext.Implicits.global.","core/src/main/scala/org/ensime/indexer/SearchService.scala:637:29"
"_root_.org.ensime.indexer.FileWatcherSpec#DefaultCharset.","core/src/test/scala/org/ensime/indexer/FileWatcherSpec.scala:117:34"
"_root_.org.ensime.indexer.FileWatcherSpec#DefaultCharset.","core/src/test/scala/org/ensime/indexer/FileWatcherSpec.scala:118:34"
"_root_.org.ensime.indexer.FileWatcherSpec#DefaultCharset.","core/src/test/scala/org/ensime/indexer/FileWatcherSpec.scala:353:36"
"_root_.org.ensime.indexer.FileWatcherSpec#DefaultCharset.","core/src/test/scala/org/ensime/indexer/FileWatcherSpec.scala:419:36"
"_root_.scala.Predef.refArrayOps([Ljava/lang/Object;)[Ljava/lang/Object;.","core/src/main/scala/org/ensime/core/javac/JavaTypeAtPoint.scala:40:35"
"_root_.scala.Predef.$conforms()Lscala/Predef/$less$colon$less;.","core/src/test/scala/org/ensime/indexer/SignatureParserSpec.scala:30:5"
"_root_.scala.Predef.$conforms()Lscala/Predef/$less$colon$less;.","core/src/test/scala/org/ensime/indexer/SignatureParserSpec.scala:43:5"
"_root_.scala.Predef.$conforms()Lscala/Predef/$less$colon$less;.","core/src/test/scala/org/ensime/indexer/SignatureParserSpec.scala:56:5"
"_root_.scala.Predef.$conforms()Lscala/Predef/$less$colon$less;.","core/src/test/scala/org/ensime/indexer/SignatureParserSpec.scala:68:5"
"_root_.scala.Predef.$conforms()Lscala/Predef/$less$colon$less;.","core/src/test/scala/org/ensime/indexer/SignatureParserSpec.scala:91:5"
"_root_.scala.Predef.$conforms()Lscala/Predef/$less$colon$less;.","core/src/test/scala/org/ensime/indexer/SignatureParserSpec.scala:103:5"
"_root_.scala.Predef.$conforms()Lscala/Predef/$less$colon$less;.","core/src/test/scala/org/ensime/indexer/SignatureParserSpec.scala:117:5"
"_root_.scala.Predef.$conforms()Lscala/Predef/$less$colon$less;.","core/src/test/scala/org/ensime/indexer/SignatureParserSpec.scala:133:5"
"_root_.scala.Predef.$conforms()Lscala/Predef/$less$colon$less;.","core/src/test/scala/org/ensime/indexer/SignatureParserSpec.scala:150:5"
"_root_.scala.Predef.$conforms()Lscala/Predef/$less$colon$less;.","core/src/test/scala/org/ensime/indexer/SignatureParserSpec.scala:165:5"
"_root_.scala.Predef.$conforms()Lscala/Predef/$less$colon$less;.","core/src/test/scala/org/ensime/indexer/SignatureParserSpec.scala:180:5"
"_root_.scala.Predef.$conforms()Lscala/Predef/$less$colon$less;.","core/src/test/scala/org/ensime/indexer/SignatureParserSpec.scala:207:5"
"_root_.scala.Predef.$conforms()Lscala/Predef/$less$colon$less;.","core/src/test/scala/org/ensime/indexer/SignatureParserSpec.scala:231:5"
"_root_.scala.Predef.$conforms()Lscala/Predef/$less$colon$less;.","core/src/test/scala/org/ensime/indexer/SignatureParserSpec.scala:256:5"
"_root_.scala.Predef.$conforms()Lscala/Predef/$less$colon$less;.","core/src/test/scala/org/ensime/indexer/SignatureParserSpec.scala:281:5"
"_root_.scala.Predef.$conforms()Lscala/Predef/$less$colon$less;.","core/src/test/scala/org/ensime/indexer/SignatureParserSpec.scala:307:5"
"_root_.scala.Predef.$conforms()Lscala/Predef/$less$colon$less;.","core/src/test/scala/org/ensime/indexer/SignatureParserSpec.scala:328:5"
"_root_.scala.Predef.$conforms()Lscala/Predef/$less$colon$less;.","core/src/test/scala/org/ensime/indexer/SignatureParserSpec.scala:357:5"
"_root_.scala.Predef.$conforms()Lscala/Predef/$less$colon$less;.","core/src/test/scala/org/ensime/indexer/SignatureParserSpec.scala:375:5"
"_root_.scala.Predef.$conforms()Lscala/Predef/$less$colon$less;.","core/src/test/scala/org/ensime/indexer/SignatureParserSpec.scala:399:5"
"_root_.scala.Predef.$conforms()Lscala/Predef/$less$colon$less;.","core/src/test/scala/org/ensime/indexer/SignatureParserSpec.scala:418:5"
"_root_.scala.Predef.$conforms()Lscala/Predef/$less$colon$less;.","core/src/test/scala/org/ensime/indexer/SignatureParserSpec.scala:436:5"
"_root_.scala.Predef.$conforms()Lscala/Predef/$less$colon$less;.","core/src/test/scala/org/ensime/indexer/SignatureParserSpec.scala:462:5"
"_root_.scala.Predef.$conforms()Lscala/Predef/$less$colon$less;.","core/src/test/scala/org/ensime/indexer/SignatureParserSpec.scala:497:5"
"_root_.scala.Predef.$conforms()Lscala/Predef/$less$colon$less;.","core/src/test/scala/org/ensime/indexer/SignatureParserSpec.scala:520:5"
"_root_.scala.Predef.$conforms()Lscala/Predef/$less$colon$less;.","core/src/test/scala/org/ensime/indexer/SignatureParserSpec.scala:549:5"
"_root_.scala.Predef.$conforms()Lscala/Predef/$less$colon$less;.","core/src/test/scala/org/ensime/indexer/SignatureParserSpec.scala:582:5"
"_root_.scala.Predef.$conforms()Lscala/Predef/$less$colon$less;.","core/src/test/scala/org/ensime/indexer/SignatureParserSpec.scala:611:5"
"_root_.scala.Predef.$conforms()Lscala/Predef/$less$colon$less;.","core/src/test/scala/org/ensime/indexer/ClassfileDepicklerSpec.scala:15:5"
"_root_.scala.Predef.$conforms()Lscala/Predef/$less$colon$less;.","core/src/test/scala/org/ensime/indexer/ClassfileDepicklerSpec.scala:25:5"
"_root_.scala.Predef.$conforms()Lscala/Predef/$less$colon$less;.","core/src/test/scala/org/ensime/indexer/ClassfileDepicklerSpec.scala:31:78"
"_root_.scala.Predef.$conforms()Lscala/Predef/$less$colon$less;.","core/src/test/scala/org/ensime/indexer/ClassfileDepicklerSpec.scala:48:5"
"_root_.scala.Predef.$conforms()Lscala/Predef/$less$colon$less;.","core/src/main/scala/org/ensime/indexer/DescriptorParser.scala:11:27"
"_root_.scala.Predef.$conforms()Lscala/Predef/$less$colon$less;.","core/src/main/scala/org/ensime/indexer/DescriptorParser.scala:13:70"
"_root_.scala.Predef.$conforms()Lscala/Predef/$less$colon$less;.","core/src/main/scala/org/ensime/indexer/DescriptorParser.scala:16:48"
"_root_.scala.Predef.$conforms()Lscala/Predef/$less$colon$less;.","core/src/main/scala/org/ensime/indexer/DescriptorParser.scala:25:51"
"_root_.scala.Predef.$conforms()Lscala/Predef/$less$colon$less;.","core/src/main/scala/org/ensime/indexer/DescriptorParser.scala:26:51"
"_root_.scala.Predef.$conforms()Lscala/Predef/$less$colon$less;.","core/src/main/scala/org/ensime/indexer/DescriptorParser.scala:27:51"
"_root_.scala.Predef.$conforms()Lscala/Predef/$less$colon$less;.","core/src/main/scala/org/ensime/indexer/DescriptorParser.scala:28:51"
"_root_.scala.Predef.$conforms()Lscala/Predef/$less$colon$less;.","core/src/main/scala/org/ensime/indexer/DescriptorParser.scala:29:51"
"_root_.scala.Predef.$conforms()Lscala/Predef/$less$colon$less;.","core/src/main/scala/org/ensime/indexer/DescriptorParser.scala:30:51"
"_root_.scala.Predef.$conforms()Lscala/Predef/$less$colon$less;.","core/src/main/scala/org/ensime/indexer/DescriptorParser.scala:31:51"
"_root_.scala.Predef.$conforms()Lscala/Predef/$less$colon$less;.","core/src/main/scala/org/ensime/indexer/DescriptorParser.scala:32:51"
"_root_.scala.Predef.$conforms()Lscala/Predef/$less$colon$less;.","core/src/main/scala/org/ensime/indexer/DescriptorParser.scala:33:51"
"_root_.scala.Predef.$conforms()Lscala/Predef/$less$colon$less;.","core/src/main/scala/org/ensime/indexer/DescriptorParser.scala:39:40"
"_root_.scala.Predef.$conforms()Lscala/Predef/$less$colon$less;.","core/src/main/scala/org/ensime/indexer/DescriptorParser.scala:49:59"
"_root_.scala.Predef.$conforms()Lscala/Predef/$less$colon$less;.","core/src/test/scala/org/ensime/indexer/DescriptorParserSpec.scala:30:50"
"_root_.scala.Predef.$conforms()Lscala/Predef/$less$colon$less;.","core/src/test/scala/org/ensime/indexer/DescriptorParserSpec.scala:31:55"
"_root_.scala.Predef.$conforms()Lscala/Predef/$less$colon$less;.","core/src/test/scala/org/ensime/indexer/DescriptorParserSpec.scala:32:59"
"_root_.scala.Predef.$conforms()Lscala/Predef/$less$colon$less;.","core/src/test/scala/org/ensime/indexer/DescriptorParserSpec.scala:33:63"
"_root_.scala.Predef.$conforms()Lscala/Predef/$less$colon$less;.","core/src/test/scala/org/ensime/indexer/DescriptorParserSpec.scala:34:67"
"_root_.scala.Predef.$conforms()Lscala/Predef/$less$colon$less;.","core/src/test/scala/org/ensime/indexer/DescriptorParserSpec.scala:38:80"
"_root_.scala.Predef.$conforms()Lscala/Predef/$less$colon$less;.","core/src/test/scala/org/ensime/indexer/DescriptorParserSpec.scala:59:5"
"_root_.scala.Predef.$conforms()Lscala/Predef/$less$colon$less;.","core/src/test/scala/org/ensime/indexer/DescriptorParserSpec.scala:65:5"
"_root_.scala.Predef.$conforms()Lscala/Predef/$less$colon$less;.","core/src/test/scala/org/ensime/indexer/DescriptorParserSpec.scala:66:49"
"_root_.scala.Predef.$conforms()Lscala/Predef/$less$colon$less;.","core/src/test/scala/org/ensime/indexer/DescriptorParserSpec.scala:67:53"
"_root_.scala.Predef.$conforms()Lscala/Predef/$less$colon$less;.","core/src/test/scala/org/ensime/indexer/DescriptorParserSpec.scala:68:57"
"_root_.scala.Predef.$conforms()Lscala/Predef/$less$colon$less;.","core/src/test/scala/org/ensime/indexer/DescriptorParserSpec.scala:69:32"
"_root_.scala.Predef.$conforms()Lscala/Predef/$less$colon$less;.","core/src/test/scala/org/ensime/indexer/DescriptorParserSpec.scala:70:75"
"_root_.scala.Predef.refArrayOps([Ljava/lang/Object;)[Ljava/lang/Object;.","core/src/main/scala/org/ensime/core/javac/JavaCompletionsAtPoint.scala:287:41"
"_root_.akka.actor.Actor#context.","core/src/main/scala/org/ensime/core/Project.scala:61:9"
"_root_.org.ensime.core.Project#vfs.","core/src/main/scala/org/ensime/core/Project.scala:64:43"
"_root_.akka.actor.Actor#self.","core/src/main/scala/org/ensime/core/Project.scala:90:62"
"_root_.akka.actor.Actor#self.","core/src/main/scala/org/ensime/core/Project.scala:93:79"
"_root_.org.ensime.core.Project#(config)","core/src/main/scala/org/ensime/core/Project.scala:99:52"
"_root_.org.ensime.core.Project#vfs.","core/src/main/scala/org/ensime/core/Project.scala:99:52"
"_root_.org.ensime.core.Project#(config)","core/src/main/scala/org/ensime/core/Project.scala:103:73"
"_root_.org.ensime.core.Project#(config)","core/src/main/scala/org/ensime/core/Project.scala:103:72"
"_root_.org.ensime.core.Project#(serverConfig)","core/src/main/scala/org/ensime/core/Project.scala:103:72"
"_root_.org.ensime.core.Project#vfs.","core/src/main/scala/org/ensime/core/Project.scala:103:72"
"_root_.org.ensime.core.Project#(config)","core/src/main/scala/org/ensime/core/Project.scala:106:79"
"_root_.org.ensime.core.Project#vfs.","core/src/main/scala/org/ensime/core/Project.scala:106:79"
"_root_.org.ensime.core.Project#(config)","core/src/main/scala/org/ensime/core/Project.scala:113:79"
"_root_.org.ensime.core.Project#vfs.","core/src/main/scala/org/ensime/core/Project.scala:113:79"
"_root_.org.ensime.core.Project#(config)","core/src/main/scala/org/ensime/core/Project.scala:117:66"
"_root_.org.ensime.core.Project#(config)","core/src/main/scala/org/ensime/core/Project.scala:118:40"
"_root_.akka.actor.Actor#self.","core/src/main/scala/org/ensime/core/Project.scala:120:53"
"_root_.akka.actor.Actor#context.","core/src/main/scala/org/ensime/core/Project.scala:147:64"
"_root_.akka.actor.Actor#context.","core/src/main/scala/org/ensime/core/Project.scala:148:67"
"_root_.akka.actor.Actor#self.","core/src/main/scala/org/ensime/core/Project.scala:156:57"
"_root_.org.ensime.indexer.ClassfileWatcher#(vfs)","core/src/main/scala/org/ensime/indexer/FileWatchers.scala:55:57"
"_root_.org.ensime.indexer.ClassfileWatcher#(vfs)","core/src/main/scala/org/ensime/indexer/FileWatchers.scala:59:59"
"_root_.scala.Predef.$conforms()Lscala/Predef/$less$colon$less;.","core/src/test/scala/org/ensime/util/DiffUtilSpec.scala:31:33"
"_root_.scala.Predef.$conforms()Lscala/Predef/$less$colon$less;.","core/src/test/scala/org/ensime/util/HtmlUtilSpec.scala:8:76"
"_root_.scala.Predef.$conforms()Lscala/Predef/$less$colon$less;.","core/src/test/scala/org/ensime/util/HtmlUtilSpec.scala:13:76"
"_root_.scala.Predef.$conforms()Lscala/Predef/$less$colon$less;.","core/src/test/scala/org/ensime/util/HtmlUtilSpec.scala:18:77"
"_root_.scala.Predef.$conforms()Lscala/Predef/$less$colon$less;.","core/src/test/scala/org/ensime/util/HtmlUtilSpec.scala:26:5"
"_root_.scala.Predef.$conforms()Lscala/Predef/$less$colon$less;.","core/src/test/scala/org/ensime/util/HtmlUtilSpec.scala:34:5"
"_root_.scala.Predef.$conforms()Lscala/Predef/$less$colon$less;.","core/src/test/scala/org/ensime/util/HtmlUtilSpec.scala:41:5"
"_root_.scala.Predef.$conforms()Lscala/Predef/$less$colon$less;.","core/src/test/scala/org/ensime/util/HtmlUtilSpec.scala:49:5"
"_root_.scala.Predef.$conforms()Lscala/Predef/$less$colon$less;.","core/src/test/scala/org/ensime/util/HtmlUtilSpec.scala:54:59"
"_root_.scala.Predef.$conforms()Lscala/Predef/$less$colon$less;.","core/src/test/scala/org/ensime/util/HtmlUtilSpec.scala:59:59"
"_root_.scala.Predef.refArrayOps([Ljava/lang/Object;)[Ljava/lang/Object;.","core/src/main/scala/org/ensime/indexer/IndexService.scala:30:69"
"_root_.scala.Predef.augmentString(Ljava/lang/String;)Ljava/lang/String;.","core/src/main/scala/org/ensime/indexer/IndexService.scala:30:58"
"_root_.scala.Predef.refArrayOps([Ljava/lang/Object;)[Ljava/lang/Object;.","core/src/main/scala/org/ensime/indexer/IndexService.scala:35:38"
"_root_.org.ensime.indexer.IndexService#(ec)","core/src/main/scala/org/ensime/indexer/IndexService.scala:159:5"
"_root_.org.ensime.indexer.IndexService#(ec)","core/src/main/scala/org/ensime/indexer/IndexService.scala:176:69"
"_root_.org.ensime.indexer.IndexService#(ec)","core/src/main/scala/org/ensime/indexer/IndexService.scala:185:73"
"_root_.scala.Predef.refArrayOps([Ljava/lang/Object;)[Ljava/lang/Object;.","core/src/main/scala/org/ensime/core/FqnToSymbol.scala:98:43"
"_root_.org.ensime.core.RichCompilerControl#charset()Ljava/nio/charset/Charset;.","core/src/main/scala/org/ensime/core/Refactoring.scala:137:56"
"_root_.org.ensime.core.RichCompilerControl#charset()Ljava/nio/charset/Charset;.","core/src/main/scala/org/ensime/core/Refactoring.scala:154:56"
"_root_.org.ensime.core.RichCompilerControl#charset()Ljava/nio/charset/Charset;.","core/src/main/scala/org/ensime/core/Refactoring.scala:171:56"
"_root_.org.ensime.core.RichCompilerControl#charset()Ljava/nio/charset/Charset;.","core/src/main/scala/org/ensime/core/Refactoring.scala:188:80"
"_root_.org.ensime.core.RichCompilerControl#charset()Ljava/nio/charset/Charset;.","core/src/main/scala/org/ensime/core/Refactoring.scala:213:40"
"_root_.org.ensime.core.RichCompilerControl#charset()Ljava/nio/charset/Charset;.","core/src/main/scala/org/ensime/core/Refactoring.scala:249:54"
"_root_.org.ensime.indexer.lucene.SimpleLucene#executionContext.","core/src/main/scala/org/ensime/indexer/lucene/SimpleLucene.scala:123:5"
"_root_.scala.Predef.refArrayOps([Ljava/lang/Object;)[Ljava/lang/Object;.","core/src/main/scala/org/ensime/indexer/lucene/SimpleLucene.scala:112:61"
"_root_.org.ensime.indexer.lucene.SimpleLucene#executionContext.","core/src/main/scala/org/ensime/indexer/lucene/SimpleLucene.scala:152:5"
"_root_.org.ensime.indexer.lucene.SimpleLucene#executionContext.","core/src/main/scala/org/ensime/indexer/lucene/SimpleLucene.scala:160:64"
"_root_.scala.Predef.$conforms()Lscala/Predef/$less$colon$less;.","core/src/main/scala/org/ensime/indexer/SignatureParser.scala:12:71"
"_root_.scala.Predef.$conforms()Lscala/Predef/$less$colon$less;.","core/src/main/scala/org/ensime/indexer/SignatureParser.scala:16:45"
"_root_.scala.Predef.$conforms()Lscala/Predef/$less$colon$less;.","core/src/main/scala/org/ensime/indexer/SignatureParser.scala:25:43"
"_root_.scala.Predef.$conforms()Lscala/Predef/$less$colon$less;.","core/src/main/scala/org/ensime/indexer/SignatureParser.scala:29:17"
"_root_.scala.Predef.$conforms()Lscala/Predef/$less$colon$less;.","core/src/main/scala/org/ensime/indexer/SignatureParser.scala:33:21"
"_root_.scala.Predef.$conforms()Lscala/Predef/$less$colon$less;.","core/src/main/scala/org/ensime/indexer/SignatureParser.scala:37:37"
"_root_.scala.Predef.$conforms()Lscala/Predef/$less$colon$less;.","core/src/main/scala/org/ensime/indexer/SignatureParser.scala:43:66"
"_root_.scala.Predef.$conforms()Lscala/Predef/$less$colon$less;.","core/src/main/scala/org/ensime/indexer/SignatureParser.scala:47:29"
"_root_.scala.Predef.$conforms()Lscala/Predef/$less$colon$less;.","core/src/main/scala/org/ensime/indexer/SignatureParser.scala:52:62"
"_root_.scala.Predef.$conforms()Lscala/Predef/$less$colon$less;.","core/src/main/scala/org/ensime/indexer/SignatureParser.scala:61:10"
"_root_.scala.Predef.$conforms()Lscala/Predef/$less$colon$less;.","core/src/main/scala/org/ensime/indexer/SignatureParser.scala:65:61"
"_root_.scala.Predef.$conforms()Lscala/Predef/$less$colon$less;.","core/src/main/scala/org/ensime/indexer/SignatureParser.scala:69:10"
"_root_.scala.Predef.$conforms()Lscala/Predef/$less$colon$less;.","core/src/main/scala/org/ensime/indexer/SignatureParser.scala:73:10"
"_root_.scala.Predef.$conforms()Lscala/Predef/$less$colon$less;.","core/src/main/scala/org/ensime/indexer/SignatureParser.scala:80:78"
"_root_.scala.Predef.$conforms()Lscala/Predef/$less$colon$less;.","core/src/main/scala/org/ensime/indexer/SignatureParser.scala:84:52"
"_root_.scala.Predef.refArrayOps([Ljava/lang/Object;)[Ljava/lang/Object;.","core/src/main/scala/org/ensime/core/ScalapSymbolToFqn.scala:103:63"
"_root_.scala.Predef.refArrayOps([Ljava/lang/Object;)[Ljava/lang/Object;.","core/src/main/scala/org/ensime/core/Indexer.scala:29:24"
"_root_.scala.Predef.refArrayOps([Ljava/lang/Object;)[Ljava/lang/Object;.","core/src/main/scala/org/ensime/core/Indexer.scala:60:32"
"_root_.scala.Predef.refArrayOps([Ljava/lang/Object;)[Ljava/lang/Object;.","core/src/main/scala/org/ensime/core/Indexer.scala:63:32"
"_root_.akka.actor.Actor#context.","core/src/main/scala/org/ensime/core/Indexer.scala:153:3"
"_root_.akka.actor.Actor#self.","core/src/main/scala/org/ensime/core/Indexer.scala:72:45"
"_root_.akka.actor.Actor#self.","core/src/main/scala/org/ensime/core/Indexer.scala:76:47"
"_root_.akka.actor.Actor#self.","core/src/main/scala/org/ensime/core/Indexer.scala:79:69"
"_root_.akka.actor.ActorContext#dispatcher()Lscala/concurrent/ExecutionContextExecutor;.","core/src/main/scala/org/ensime/core/Indexer.scala:112:7"
"_root_.akka.actor.ActorContext#dispatcher()Lscala/concurrent/ExecutionContextExecutor;.","core/src/main/scala/org/ensime/core/Indexer.scala:113:20"
"_root_.org.ensime.core.Indexer#(vfs)","core/src/main/scala/org/ensime/core/Indexer.scala:123:61"
"_root_.akka.actor.ActorContext#dispatcher()Lscala/concurrent/ExecutionContextExecutor;.","core/src/main/scala/org/ensime/core/Indexer.scala:140:10"
"_root_.akka.actor.ActorContext#dispatcher()Lscala/concurrent/ExecutionContextExecutor;.","core/src/main/scala/org/ensime/core/Indexer.scala:147:10"
"_root_.akka.actor.ActorContext#dispatcher()Lscala/concurrent/ExecutionContextExecutor;.","core/src/main/scala/org/ensime/core/Indexer.scala:151:67"
"_root_.akka.actor.ActorContext#dispatcher()Lscala/concurrent/ExecutionContextExecutor;.","core/src/main/scala/org/ensime/core/Indexer.scala:152:26"
"_root_.akka.actor.Actor#context.","core/src/main/scala/org/ensime/core/debug/DebugActor.scala:342:3"
"_root_.akka.actor.Actor#self.","core/src/main/scala/org/ensime/core/debug/DebugActor.scala:78:35"
"_root_.akka.actor.Actor#self.","core/src/main/scala/org/ensime/core/debug/DebugActor.scala:88:40"
"_root_.akka.actor.Actor#self.","core/src/main/scala/org/ensime/core/debug/DebugActor.scala:99:8"
"_root_.akka.actor.Actor#self.","core/src/main/scala/org/ensime/core/debug/DebugActor.scala:111:8"
"_root_.akka.actor.Actor#self.","core/src/main/scala/org/ensime/core/debug/DebugActor.scala:119:8"
"_root_.akka.actor.Actor#self.","core/src/main/scala/org/ensime/core/debug/DebugActor.scala:143:7"
"_root_.org.ensime.core.debug.DebugActor#(search)","core/src/main/scala/org/ensime/core/debug/DebugActor.scala:124:34"
"_root_.org.ensime.core.debug.DebugActor#(search)","core/src/main/scala/org/ensime/core/debug/DebugActor.scala:147:32"
"_root_.org.ensime.core.debug.DebugActor#(search)","core/src/main/scala/org/ensime/core/debug/DebugActor.scala:173:47"
"_root_.akka.actor.Actor#self.","core/src/main/scala/org/ensime/core/debug/DebugActor.scala:181:68"
"_root_.akka.actor.Actor#self.","core/src/main/scala/org/ensime/core/debug/DebugActor.scala:189:8"
"_root_.akka.actor.Actor#self.","core/src/main/scala/org/ensime/core/debug/DebugActor.scala:197:8"
"_root_.akka.actor.Actor#self.","core/src/main/scala/org/ensime/core/debug/DebugActor.scala:205:8"
"_root_.akka.actor.Actor#self.","core/src/main/scala/org/ensime/core/debug/DebugActor.scala:246:7"
"_root_.akka.actor.Actor#self.","core/src/main/scala/org/ensime/core/debug/DebugActor.scala:264:7"
"_root_.akka.actor.Actor#self.","core/src/main/scala/org/ensime/core/debug/DebugActor.scala:274:7"
"_root_.akka.actor.Actor#self.","core/src/main/scala/org/ensime/core/debug/DebugActor.scala:285:7"
"_root_.akka.actor.Actor#self.","core/src/main/scala/org/ensime/core/debug/DebugActor.scala:341:8"
"_root_.akka.actor.Actor#self.","core/src/main/scala/org/ensime/core/debug/DebugActor.scala:352:49"
"_root_.org.ensime.core.debug.DebugActor#(search)","core/src/main/scala/org/ensime/core/debug/DebugActor.scala:506:29"
"_root_.akka.actor.Actor#self.","core/src/main/scala/org/ensime/core/debug/DebugActor.scala:514:13"
"_root_.org.ensime.core.debug.DebugActor#(search)","core/src/main/scala/org/ensime/core/debug/DebugActor.scala:529:29"
"_root_.akka.actor.Actor#self.","core/src/main/scala/org/ensime/core/debug/DebugActor.scala:537:13"
"_root_.org.ensime.core.debug.DebugActor#(search)","core/src/main/scala/org/ensime/core/debug/DebugActor.scala:552:80"
"_root_.akka.actor.Actor#self.","core/src/main/scala/org/ensime/core/debug/DebugActor.scala:560:9"
"_root_.org.ensime.core.debug.DebugActor#(search)","core/src/main/scala/org/ensime/core/debug/DebugActor.scala:579:66"
"_root_.akka.actor.Actor#self.","core/src/main/scala/org/ensime/core/debug/DebugActor.scala:587:9"
"_root_.akka.actor.Actor#self.","core/src/main/scala/org/ensime/core/debug/DebugActor.scala:594:77"
"_root_.akka.actor.Actor#self.","core/src/main/scala/org/ensime/core/debug/DebugActor.scala:601:77"
"_root_.akka.actor.Actor#self.","core/src/main/scala/org/ensime/core/JavaAnalyzer.scala:31:60"
"_root_.akka.actor.Actor#self.","core/src/main/scala/org/ensime/core/JavaAnalyzer.scala:35:64"
"_root_.akka.actor.Actor#self.","core/src/main/scala/org/ensime/core/JavaAnalyzer.scala:59:61"
"_root_.akka.actor.Actor#self.","core/src/main/scala/org/ensime/core/JavaAnalyzer.scala:62:70"
"_root_.akka.actor.Actor#self.","core/src/main/scala/org/ensime/core/JavaAnalyzer.scala:67:33"
"_root_.akka.actor.Actor#self.","core/src/main/scala/org/ensime/core/JavaAnalyzer.scala:71:46"
"_root_.akka.actor.Actor#self.","core/src/main/scala/org/ensime/core/JavaAnalyzer.scala:76:33"
"_root_.akka.actor.Actor#self.","core/src/main/scala/org/ensime/core/JavaAnalyzer.scala:81:35"
"_root_.akka.actor.Actor#context.","core/src/main/scala/org/ensime/core/AnalyzerManager.scala:130:3"
"_root_.akka.actor.Actor#self.","core/src/main/scala/org/ensime/core/AnalyzerManager.scala:70:69"
"_root_.akka.actor.Actor#self.","core/src/main/scala/org/ensime/core/AnalyzerManager.scala:78:41"
"_root_.scala.Predef.refArrayOps([Ljava/lang/Object;)[Ljava/lang/Object;.","core/src/main/scala/org/ensime/filewatcher/FileWatchService.scala:228:51"
"_root_.akka.actor.Actor#self.","server/src/main/scala/org/ensime/server/RequestHandler.scala:29:50"
"_root_.akka.actor.Actor#self.","server/src/main/scala/org/ensime/server/RequestHandler.scala:32:52"
"_root_.akka.actor.Actor#context.","server/src/main/scala/org/ensime/server/RequestHandler.scala:46:5"
"_root_.akka.actor.Actor#self.","server/src/main/scala/org/ensime/server/RequestHandler.scala:41:36"
"_root_.akka.actor.Actor#context.","server/src/main/scala/org/ensime/server/RequestHandler.scala:55:3"
"_root_.akka.actor.Actor#context.","server/src/main/scala/org/ensime/server/RequestHandler.scala:67:3"
"_root_.akka.actor.Actor#context.","server/src/main/scala/org/ensime/server/RequestHandler.scala:61:68"
"_root_.akka.actor.Actor#context.","server/src/main/scala/org/ensime/server/RequestHandler.scala:65:73"
"_root_.org.ensime.util.ensimefile.package.Implicits.DefaultCharset.","server/src/main/scala/org/ensime/server/PortUtil.scala:16:32"
"_root_.org.ensime.util.ensimefile.package.Implicits.DefaultCharset.","server/src/main/scala/org/ensime/server/PortUtil.scala:28:39"
"_root_.akka.actor.ActorContext#system()Lakka/actor/ActorSystem;.","server/src/main/scala/org/ensime/server/tcp/TCPServer.scala:31:9"
"_root_.akka.actor.Actor#self.","server/src/main/scala/org/ensime/server/tcp/TCPServer.scala:32:80"
"_root_.akka.actor.Actor#self.","server/src/main/scala/org/ensime/server/tcp/TCPServer.scala:43:7"
"_root_.akka.actor.Actor#self.","server/src/main/scala/org/ensime/server/tcp/TCPServer.scala:52:9"
"_root_.akka.actor.Actor#self.","server/src/main/scala/org/ensime/server/tcp/TCPServer.scala:66:36"
"_root_.akka.actor.Actor#self.","server/src/main/scala/org/ensime/server/Server.scala:39:7"
"_root_.akka.actor.Actor#self.","server/src/main/scala/org/ensime/server/Server.scala:78:11"
"_root_.akka.actor.Actor#self.","server/src/main/scala/org/ensime/server/Server.scala:94:15"
"_root_.akka.actor.Actor#self.","server/src/main/scala/org/ensime/server/Server.scala:107:58"
"_root_.org.ensime.util.ensimefile.package.Implicits.DefaultCharset.","server/src/main/scala/org/ensime/server/Server.scala:157:70"
"_root_.akka.actor.Actor#self.","server/src/main/scala/org/ensime/server/tcp/TCPConnectionActor.scala:93:36"
"_root_.akka.actor.Actor#context.","server/src/main/scala/org/ensime/server/ConnectionHandler.scala:31:54"
"_root_.akka.actor.Actor#context.","server/src/main/scala/org/ensime/server/ConnectionHandler.scala:44:67"
